{
    "pattrstorage": {
        "name": "device-dataset",
        "slots": {
            "1": {
                "id": 1,
                "data": {
                    "device-parameters": [ 1.0, 0.1259842529296875, 1.0, 1.0, 0.23133642578125, 0.0, 0.75, 0.28299999237060547, 0.4645669465702948, 0.5590550899505615, 0.4881889820098877, 0.5, 0.9210526315789473 ]
                }
            },
            "2": {
                "id": 2,
                "data": {
                    "device-parameters": [ 1.0, 0.13224215698242187, 0.5431390404701233, 0.6279148101806641, 0.20402854919433594, 0.0, 0.75, 0.6499999761581421, 0.7874015908446712, 0.6929134130477905, 0.25984251499176025, 0.5, 0.9210526315789473 ]
                }
            },
            "3": {
                "id": 3,
                "data": {
                    "device-parameters": [ 1.0, 0.07086614227294923, 0.7559055089950562, 0.5853649139404297, 0.23133642578125, 0.0, 0.8950000107288361, 0.20000000298023224, 0.4015748122165533, 0.6299212574958801, 0.5118110179901123, 0.5, 0.9210526315789473 ]
                }
            },
            "4": {
                "id": 4,
                "data": {
                    "device-parameters": [ 1.0, 0.207625, 0.2751241624355316, 0.6377953052520753, 0.23492375183105468, 0.0, 0.635000005364418, 0.4399999976158142, 0.4409448961876417, 0.874015748500824, 0.7244094610214233, 0.5, 0.9210526315789473 ]
                }
            },
            "5": {
                "id": 5,
                "data": {
                    "device-parameters": [ 1.0, 0.2123645477294922, 0.6471316814422607, 1.0, 0.1674921112060547, 0.0, 0.3384999930858612, 0.5119999647140503, 0.7094580410289116, 0.5842519998550415, 0.5661417245864868, 0.5, 0.9210526315789473 ]
                }
            },
            "6": {
                "id": 6,
                "data": {
                    "device-parameters": [ 1.0, 0.18532516479492187, 0.8267716765403748, 0.5748031616210938, 0.07864842224121094, 0.0, 0.41499999910593033, 0.0, 0.7165354396967121, 0.7401574850082397, 0.4173228442668915, 0.5, 0.9210526315789473 ]
                }
            },
            "7": {
                "id": 7,
                "data": {
                    "device-parameters": [ 1.0, 0.1921996612548828, 0.6771653890609741, 0.4488189220428467, 0.5905512084960938, 0.0, 0.4099999964237213, 0.30000001192092896, 0.4881889526643991, 0.4173228442668915, 0.5669291615486145, 0.5, 0.9210526315789473 ]
                }
            },
            "8": {
                "id": 8,
                "data": {
                    "device-parameters": [ 1.0, 0.773504150390625, 0.20946814119815826, 0.06299212574958801, 0.11992148590087891, 0.0, 0.2800000011920929, 1.0, 0.3464566946570295, 0.7559055089950562, 0.7559055089950562, 0.5, 0.9210526315789473 ]
                }
            },
            "9": {
                "id": 9,
                "data": {
                    "device-parameters": [ 1.0, 0.37192938232421874, 0.6819090843200684, 1.0, 0.1750395965576172, 0.0, 0.36499999463558197, 0.0, 0.5354330534297053, 1.0, 0.30708661675453186, 0.5, 0.9210526315789473 ]
                }
            },
            "10": {
                "id": 10,
                "data": {
                    "device-parameters": [ 1.0, 0.37192938232421874, 0.6819090843200684, 1.0, 0.1750395965576172, 0.0, 0.2150000035762787, 0.46000000834465027, 0.36220472824546485, 0.5748031735420227, 0.6614173054695129, 0.5, 0.9210526315789473 ]
                }
            },
            "11": {
                "id": 11,
                "data": {
                    "device-parameters": [ 1.0, 0.37192938232421874, 1.0, 0.6170338153839112, 0.1750395965576172, 0.0, 0.5, 0.12999999523162842, 0.44881891298185944, 0.11023622006177902, 0.5039370059967041, 0.5, 0.9210526315789473 ]
                }
            },
            "12": {
                "id": 12,
                "data": {
                    "device-parameters": [ 1.0, 0.1750395965576172, 1.0, 0.6170338153839112, 0.1750395965576172, 0.0, 0.8600000143051147, 0.3499999940395355, 0.7086614229024943, 0.05511811003088951, 0.4803149700164795, 0.5, 0.9210526315789473 ]
                }
            },
            "13": {
                "id": 13,
                "data": {
                    "device-parameters": [ 1.0, 0.18093115234375, 1.0, 0.3492499351501465, 0.05413090133666992, 0.0, 0.6000000014901161, 0.0, 0.8031496244331066, 0.20472441613674164, 0.29133859276771545, 0.5, 0.9210526315789473 ]
                }
            },
            "14": {
                "id": 14,
                "data": {
                    "device-parameters": [ 1.0, 0.03893219375610352, 0.741619884967804, 0.485593318939209, 0.09002522277832031, 0.0, 0.6899999976158142, 0.23999999463558197, 0.740157490079365, 0.6692913174629211, 0.6771653294563293, 0.5, 0.9210526315789473 ]
                }
            },
            "15": {
                "id": 15,
                "data": {
                    "device-parameters": [ 1.0, 0.03162276458740235, 0.7071067690849304, 1.0, 0.05413090133666992, 0.0, 0.6800000071525574, 0.49000000953674316, 0.44881891298185944, 0.5196850299835205, 0.6377952694892883, 0.5, 0.9210526315789473 ]
                }
            },
            "16": {
                "id": 16,
                "data": {
                    "device-parameters": [ 1.0, 0.03162276458740235, 0.6324555277824402, 1.0, 0.9978948364257813, 0.0, 0.2750000059604645, 0.8100000023841858, 0.8031496244331066, 0.18110236525535583, 0.7716535329818726, 0.5, 0.9210526315789473 ]
                }
            }
        }
    }
}