{
    "pattrstorage": {
        "name": "device-dataset",
        "slots": {
            "1": {
                "id": 1,
                "data": {
                    "device-parameters": [ 1.0, 0.7823302494852166, 0.1, 0.5471277721226215, 0.07875174283981323, 0.5455721579492092, 0.6810473650693893, 0.7443012148141861, 0.9833893179893494, 0.6305675357580185, 0.9709571599960327 ]
                }
            },
            "2": {
                "id": 2,
                "data": {
                    "device-parameters": [ 1.0, 0.7823302494852166, 0.1, 0.9184184372425079, 0.45833058282732964, 0.04201158881187439, 0.4286225810647011, 0.3919687643647194, 0.9480456411838531, 0.35777807235717773, 0.05474826693534851 ]
                }
            },
            "3": {
                "id": 3,
                "data": {
                    "device-parameters": [ 1.0, 0.7823302494852166, 0.1, 0.4371861517429352, 0.7935478389263153, 0.8396742641925812, 0.784808337688446, 0.9845537841320038, 0.8105251789093018, 0.3254345655441284, 0.14303019642829895 ]
                }
            },
            "4": {
                "id": 4,
                "data": {
                    "device-parameters": [ 1.0, 0.7823302494852166, 0.1, 0.627818837761879, 0.28691402077674866, 0.05806976556777954, 0.8716408014297485, 0.6663037985563278, 0.08574691414833069, 0.5793978720903397, 0.06428951025009155 ]
                }
            },
            "5": {
                "id": 5,
                "data": {
                    "device-parameters": [ 1.0, 0.7823302494852166, 0.1, 0.6472687423229218, 0.501468914328143, 0.41072387993335724, 0.20564505457878113, 0.4533023089170456, 0.45389311388134956, 0.8354609310626984, 0.42841000109910965 ]
                }
            },
            "6": {
                "id": 6,
                "data": {
                    "device-parameters": [ 1.0, 0.7823302494852166, 0.1, 0.7959301471710205, 0.589577428996563, 0.16394221782684326, 0.9551182687282562, 0.7385991513729095, 0.893202006816864, 0.8872858583927155, 0.754534900188446 ]
                }
            },
            "7": {
                "id": 7,
                "data": {
                    "device-parameters": [ 1.0, 0.7823302494852166, 0.1, 0.6897360980510712, 0.42636076360940933, 0.689056858420372, 0.4209550768136978, 0.689723551273346, 0.8103079497814178, 0.4221539720892906, 0.34592317044734955 ]
                }
            },
            "8": {
                "id": 8,
                "data": {
                    "device-parameters": [ 1.0, 0.7823302494852166, 0.1, 0.41818954795598984, 0.9402097463607788, 0.06950792670249939, 0.2504153996706009, 0.23604515194892883, 0.49719047057442367, 0.7231924533843994, 0.3376731425523758 ]
                }
            }
        }
    }
}