{
    "pattrstorage": {
        "name": "device-dataset",
        "slots": {
            "1": {
                "id": 1,
                "data": {
                    "device-parameters": [ 1.0, 0.8996566534042358, 0.0, 0.0, 0.0, 1.0, 0.6666666666666666, 0.0, 0.0, 0.5, 0.5, 0.0, 0.0, 0.0, 0.0, 0.35995158553123474, 0.1973896026611328, 0.19047619047619047, 0.23809523809523808, 0.011111111380159855, 0.0, 0.0, 0.0, 0.5, 0.0, 0.0, 0.0967741935483871, 0.3333333333333333, 0.5, 0.25084149837493896, 1.0, 0.47415632009506226, 0.0, 0.3333333333333333, 1.0, 0.0, 1.0, 0.0, 1.0, 0.3052678406238556, 0.40856707096099854, 0.5, 0.0, 0.4000000059604645, 1.0 ]
                }
            },
            "2": {
                "id": 2,
                "data": {
                    "device-parameters": [ 1.0, 0.1904762238264084, 1.0, 0.0, 0.0, 1.0, 0.6666666666666666, 0.0, 0.0, 0.5, 0.5, 0.0, 0.3968254029750824, 0.0, 0.0, 0.7539682388305664, 0.1973896026611328, 0.19047619047619047, 0.23809523809523808, 0.011111111380159855, 0.0, 0.0, 0.0, 0.5, 0.0, 0.0, 0.0967741935483871, 0.3333333333333333, 0.5, 0.25084149837493896, 1.0, 0.47415632009506226, 0.0, 0.3333333333333333, 1.0, 0.0, 1.0, 0.0, 1.0, 0.3052678406238556, 0.40856707096099854, 0.5, 0.0, 0.4000000059604645, 1.0 ]
                }
            },
            "3": {
                "id": 3,
                "data": {
                    "device-parameters": [ 1.0, 0.2834988534450531, 0.4864259362220764, 0.5085971355438232, 0.0, 1.0, 0.6666666666666666, 0.0, 0.32075148820877075, 0.8202097415924072, 0.8888888888888888, 0.9291808009147644, 0.40521007776260376, 0.0, 0.0, 0.863612711429596, 0.7222997546195984, 0.5238095238095237, 0.8571428571428571, 0.7211154699325562, 0.96463942527771, 0.0, 0.42162054777145386, 0.334219753742218, 0.4437766969203949, 0.0, 0.16129032258064516, 0.8333333333333333, 0.5088898539543152, 0.5295314788818359, 1.0, 0.5852303504943848, 0.0, 1.0, 1.0, 0.0, 1.0, 0.0, 1.0, 0.022589415311813354, 0.531420886516571, 0.5, 0.0, 0.4000000059604645, 0.7328779101371765 ]
                }
            },
            "4": {
                "id": 4,
                "data": {
                    "device-parameters": [ 1.0, 0.3410581946372986, 0.29539045691490173, 0.8133363127708435, 0.0, 1.0, 0.6666666666666666, 0.0, 0.0172992292791605, 0.2364494800567627, 0.9027777777777777, 0.4999333322048187, 0.2643214464187622, 0.0, 0.0, 0.5476475954055786, 0.31218984723091125, 0.047619047619047616, 0.6507936507936507, 0.2715212106704712, 0.7571887373924255, 0.0, 0.41552671790122986, 0.8145221471786499, 0.07518372684717178, 0.0, 0.3064516129032258, 0.3333333333333333, 0.9372531771659851, 0.34123173356056213, 1.0, 0.21930326521396637, 0.0, 0.16666666666666666, 1.0, 0.0, 1.0, 0.0, 1.0, 0.26039138436317444, 0.7117875218391418, 0.5, 0.0, 0.4000000059604645, 0.9984595775604248 ]
                }
            },
            "5": {
                "id": 5,
                "data": {
                    "device-parameters": [ 1.0, 0.3493432402610779, 0.9538781046867371, 0.37798866629600525, 0.0, 1.0, 0.6666666666666666, 0.0, 0.6146196126937866, 0.05502632260322571, 0.75, 0.7797845602035522, 0.29640287160873413, 0.0, 0.0, 0.9580601453781128, 0.7150003910064697, 0.38095238095238093, 0.6190476190476191, 0.5447524785995483, 0.2845751643180847, 0.0, 0.9689348936080933, 0.9147641062736511, 0.024889521300792694, 0.0, 0.08064516129032258, 0.0, 0.1154872477054596, 0.24651123583316803, 1.0, 0.8123335242271423, 0.0, 1.0, 1.0, 0.0, 1.0, 0.0, 1.0, 0.04198560118675232, 0.4367290735244751, 0.5, 0.0, 0.4000000059604645, 0.11572001874446869 ]
                }
            },
            "6": {
                "id": 6,
                "data": {
                    "device-parameters": [ 1.0, 0.5252332091331482, 0.7770962119102478, 0.37928977608680725, 0.0, 1.0, 0.6666666666666666, 0.0, 0.13141249120235443, 0.10659784078598022, 0.6944444444444444, 0.20329102873802185, 0.4998241364955902, 0.0, 0.0, 0.7523799538612366, 0.1368786245584488, 1.0, 0.4126984126984127, 0.9066353440284729, 0.691050112247467, 0.0, 0.2311617136001587, 0.32896289229393005, 0.48785364627838135, 0.0, 0.9516129032258064, 0.5, 0.11356097459793091, 0.868084192276001, 1.0, 0.8587081432342529, 0.0, 1.0, 1.0, 0.0, 1.0, 0.0, 1.0, 0.6185839772224426, 0.9196373224258423, 0.5, 0.0, 0.4000000059604645, 0.5331243276596069 ]
                }
            },
            "7": {
                "id": 7,
                "data": {
                    "device-parameters": [ 1.0, 0.7196797728538513, 0.14388664066791534, 0.9434261918067932, 0.0, 1.0, 0.6666666666666666, 0.0, 0.22671091556549072, 0.11841824650764465, 0.013888888888888888, 0.8424291610717773, 0.47261831164360046, 0.0, 0.0, 0.3805200755596161, 0.34916770458221436, 0.047619047619047616, 0.4444444444444444, 0.14090265333652496, 0.18424168229103088, 0.0, 0.0884348601102829, 0.8902323842048645, 0.13919223845005035, 0.0, 0.3387096774193548, 0.3333333333333333, 0.417594850063324, 0.9013917446136475, 1.0, 0.5676810145378113, 0.0, 0.3333333333333333, 1.0, 0.0, 1.0, 0.0, 1.0, 0.22136664390563965, 0.49865207076072693, 0.5, 0.0, 0.4000000059604645, 0.4223320782184601 ]
                }
            },
            "8": {
                "id": 8,
                "data": {
                    "device-parameters": [ 1.0, 0.5896865725517273, 0.4806717336177826, 0.0425872802734375, 0.0, 1.0, 0.6666666666666666, 0.0, 0.2646418809890747, 0.27814120054244995, 0.3055555555555555, 0.07092083245515823, 0.26225030422210693, 0.0, 0.0, 0.6284543871879578, 0.045567240566015244, 0.047619047619047616, 0.5873015873015872, 0.14353661239147186, 0.9035273194313049, 0.0, 0.5233432650566101, 0.9132080078125, 0.18094603717327118, 0.0, 0.5806451612903225, 1.0, 0.9128904342651367, 0.39285147190093994, 1.0, 0.03368190675973892, 0.0, 0.16666666666666666, 1.0, 0.0, 1.0, 0.0, 1.0, 0.11785415560007095, 0.25169381499290466, 0.5, 0.0, 0.4000000059604645, 0.45456555485725403 ]
                }
            }
        }
    }
}