{
    "pattrstorage": {
        "name": "device-dataset",
        "slots": {
            "1": {
                "id": 1,
                "data": {
                    "device-parameters": [ 1.0, 0.0, 0.0, 0.4155178666114807, 0.5, 0.0, 0.0, 0.0, 0.0, 0.0, 0.0, 0.2841779887676239, 0.5, 0.0, 0.7071067690849304, 0.5 ]
                }
            },
            "2": {
                "id": 2,
                "data": {
                    "device-parameters": [ 1.0, 0.5, 0.3077375292778015, 0.9398593902587891, 0.4965049922466278, 0.019843393936753273, 1.0, 0.8725160360336304, 0.0, 0.0, 0.0, 0.404999315738678, 0.6803398728370667, 0.759163498878479, 0.4180053472518921, 0.17563234269618988 ]
                }
            },
            "3": {
                "id": 3,
                "data": {
                    "device-parameters": [ 1.0, 0.0, 0.071274034678936, 0.9449268579483032, 0.06536470353603363, 0.14757120609283447, 1.0, 0.2576148211956024, 0.0, 0.0, 1.0, 0.32950204610824585, 0.42825251817703247, 0.27529075741767883, 0.15949739515781403, 0.20056886970996857 ]
                }
            },
            "4": {
                "id": 4,
                "data": {
                    "device-parameters": [ 1.0, 0.5, 0.22254353761672974, 0.011355056427419186, 0.18299679458141327, 0.030281856656074524, 0.0, 0.5198216438293457, 0.0, 0.0, 0.0, 0.1499977558851242, 0.2977518141269684, 0.6637817621231079, 0.1040845438838005, 0.17352044582366943 ]
                }
            }
        }
    }
}