{
    "pattrstorage": {
        "name": "device-dataset",
        "slots": {
            "1": {
                "id": 1,
                "data": {
                    "device-parameters": [ 1.0, 0.0, 0.6666666666666666, 0.5, 0.5, 0.5, 0.5, 0.5, 0.5, 0.5, 0.5, 0.5, 1.0, 0.5, 0.5, 0.10000000149011612, 0.8999999761581421, 0.0, 0.0, 0.0, 0.5, 0.19047619047619047, 0.0, 0.0, 0.5, 0.0, 0.0, 0.0, 0.5089499354362488, 0.4117647058823529, 0.0, 0.0, 0.20833333333333331, 0.0, 0.0, 0.5, 1.0, 0.0, 0.5 ]
                }
            },
            "2": {
                "id": 2,
                "data": {
                    "device-parameters": [ 1.0, 0.5, 1.0, 0.2222222238779068, 0.5, 0.5, 1.0, 0.5634920597076416, 0.7460317611694336, 0.5, 0.317460298538208, 0.5625, 1.0, 1.0, 1.0, 0.6349206566810608, 0.7460317611694336, 0.0, 0.0, 0.0, 0.5, 0.19047619047619047, 0.0, 0.0, 0.5, 0.0, 0.0, 1.0, 1.0, 0.9375, 0.0, 0.0, 0.20833333333333331, 0.0, 0.0, 0.523809552192688, 0.4841269850730896, 1.0, 1.0 ]
                }
            },
            "3": {
                "id": 3,
                "data": {
                    "device-parameters": [ 1.0, 0.3333333333333333, 0.0, 0.25, 0.5, 0.5, 0.5, 0.8024691343307495, 0.1975308656692505, 0.9753086566925049, 0.5, 0.5, 1.0, 0.682539701461792, 0.6904761791229248, 0.7063491940498352, 0.6640625, 1.0, 0.16666666666666666, 1.0, 0.5, 0.38095238095238093, 0.0, 0.0, 0.0, 0.0, 1.0, 0.0, 0.2109374850988388, 0.2578125, 0.0, 0.0, 0.20833333333333331, 0.0, 0.0, 0.7142857313156128, 0.0, 1.0, 1.0 ]
                }
            },
            "4": {
                "id": 4,
                "data": {
                    "device-parameters": [ 1.0, 0.3333333333333333, 1.0, 0.3730158805847168, 0.5, 0.5, 1.0, 0.25925925374031067, 0.5555555559694767, 0.5185185074806213, 1.0, 0.5, 1.0, 0.007936508394777775, 1.0, 1.0, 0.658730149269104, 1.0, 0.16666666666666666, 1.0, 0.5, 0.38095238095238093, 0.0, 0.0, 0.3650793711344401, 0.0, 1.0, 0.0, 0.8593750596046448, 0.2578125, 0.0, 0.0, 0.20833333333333331, 0.0, 0.0, 0.4365079402923584, 1.0, 0.0, 1.0 ]
                }
            },
            "5": {
                "id": 5,
                "data": {
                    "device-parameters": [ 1.0, 0.8333333333333333, 0.3333333333333333, 0.3968254029750824, 0.5, 0.5, 0.5, 0.5634920597076416, 0.523809552192688, 0.4761904776096344, 0.0555555522441864, 0.0, 0.89682537317276, 0.9682539701461792, 0.0, 1.0, 1.0, 1.0, 0.8333333333333333, 1.0, 0.5, 0.2857142857142857, 0.0, 0.0, 0.5, 0.0, 0.9841269850730896, 0.0, 0.6640624403953552, 0.875, 0.0, 0.0, 0.20833333333333331, 0.0, 0.0, 0.60317462682724, 1.0, 0.0, 1.0 ]
                }
            },
            "6": {
                "id": 6,
                "data": {
                    "device-parameters": [ 1.0, 0.5, 1.0, 0.9523809552192688, 0.5, 0.5, 1.0, 0.6269841194152832, 0.7460317611694336, 0.5, 0.317460298538208, 0.5625, 1.0, 1.0, 1.0, 0.6349206566810608, 0.7460317611694336, 0.0, 0.0, 0.0, 0.5, 0.19047619047619047, 0.0, 0.0, 0.5, 0.0, 0.0, 1.0, 1.0, 0.9375, 0.0, 0.0, 0.20833333333333331, 0.0, 0.0, 0.5634920597076416, 0.4841269850730896, 1.0, 1.0 ]
                }
            },
            "7": {
                "id": 7,
                "data": {
                    "device-parameters": [ 1.0, 0.8333333333333333, 1.0, 0.460317462682724, 0.625, 0.5, 0.5234375, 0.60317462682724, 0.5, 0.8641975522041321, 0.5, 0.5, 1.0, 0.5, 0.5, 0.10000000149011612, 0.8999999761581421, 0.0, 0.0, 0.0, 0.5, 0.19047619047619047, 0.0, 0.0, 0.5, 0.0, 0.0, 0.0, 0.5089499354362488, 0.4117647058823529, 0.0, 0.0, 0.20833333333333331, 1.0, 0.25, 0.4047619104385376, 1.0, 0.0, 0.6963492035865784 ]
                }
            },
            "8": {
                "id": 8,
                "data": {
                    "device-parameters": [ 1.0, 0.5, 0.3333333333333333, 0.2460317462682724, 0.5, 0.5, 0.5, 0.4444444477558136, 0.4682539701461792, 0.0, 0.5, 0.03125, 1.0, 0.9682539701461792, 1.0, 1.0, 1.0, 0.0, 0.0, 1.0, 0.5, 0.6666666666666666, 0.0, 0.0, 0.5, 0.0, 0.9841269850730896, 0.0, 0.2187499850988388, 0.1640625, 0.0, 0.0, 0.20833333333333331, 0.0, 0.0, 0.5, 0.7222222089767456, 1.0, 1.0 ]
                }
            }
        }
    }
}