{
    "pattrstorage": {
        "name": "device-dataset",
        "slots": {
            "1": {
                "id": 1,
                "data": {
                    "device-parameters": [ 1.0, 1.0, 0.5653063654899597, 0.5, 0.13333333333333333, 0.6666666666666666, 0.5, 0.5653063654899597, 1.0, 0.5, 0.13333333333333333, 0.6666666666666666, 0.5, 1.0, 1.0, 0.7559748291969299, 0.3333333432674408, 0.0, 0.0, 0.5, 0.5, 0.0, 0.0, 1.0, 0.602836012840271, 0.0, 1.0, 0.37277182936668396, 1.0, 0.13264666497707367, 0.0, 0.7993133068084717, 0.0, 0.0, 0.6388094425201416, 1.0, 0.5714285714285714, 0.5, 0.0, 0.0, 0.0, 0.0, 0.0, 0.5, 0.5, 0.0, 0.0, 0.0, 0.0, 0.0, 0.0, 0.5, 0.699999988079071 ]
                }
            },
            "2": {
                "id": 2,
                "data": {
                    "device-parameters": [ 1.0, 0.0, 0.1666666865348816, 0.5, 0.13333333333333333, 0.6666666666666666, 0.5, 0.5653063654899597, 1.0, 0.5, 0.13333333333333333, 0.6666666666666666, 0.59375, 1.0, 1.0, 0.7559748291969299, 0.5, 0.0, 0.5, 0.7142857313156128, 0.5, 1.0, 1.0, 0.8671875, 0.3203103244304657, 1.0, 0.5390625, 0.12500257790088654, 1.0, 0.29411840438842773, 0.46808508038520813, 0.7568672299385071, 0.40425533056259155, 0.6000000000000001, 0.6388094425201416, 1.0, 0.0, 0.0, 0.453125, 0.20000000298023224, 0.0, 0.0, 0.2222222238779068, 0.140625, 1.0, 0.0, 1.0, 0.0, 0.0, 0.0, 0.0, 0.4920634925365448, 0.6984127163887024 ]
                }
            },
            "3": {
                "id": 3,
                "data": {
                    "device-parameters": [ 1.0, 0.0, 0.2421875, 0.5, 0.0, 0.0, 0.5, 0.2380952537059784, 0.0, 0.16666666666666666, 0.2, 1.0, 0.5, 0.0, 0.0, 0.7559748291969299, 0.5476190447807312, 1.0, 0.0, 0.5, 0.5625, 0.0, 0.0, 1.0, 0.602835476398468, 0.0, 1.0, 0.05468836426734924, 1.0, 0.11764577776193619, 0.2857142984867096, 1.0, 0.2380952388048172, 0.0, 0.18749837577342987, 0.0, 0.42857142857142855, 0.359375, 1.0, 1.0, 0.3984375, 0.0, 0.0, 0.296875, 0.0, 0.0, 0.0, 0.0, 0.0, 0.0, 0.0, 0.579365074634552, 1.0 ]
                }
            },
            "4": {
                "id": 4,
                "data": {
                    "device-parameters": [ 1.0, 1.0, 0.40579333901405334, 0.6666666666666666, 0.13333333333333333, 0.0, 0.8359375, 0.40579333901405334, 1.0, 0.3333333333333333, 0.13333333333333333, 0.0, 0.8437500596046448, 0.0, 1.0, 0.7559748291969299, 0.0793650820851326, 0.0, 0.5, 0.6111111044883728, 0.5634920597076416, 0.0, 1.0, 0.625, 0.36718857288360596, 1.0, 0.734375, 0.37277066707611084, 1.0, 0.13264580070972443, 0.0, 1.0, 0.0, 0.8, 0.6388094425201416, 1.0, 0.7142857142857142, 0.5, 0.0, 0.125, 0.4765625, 0.0, 0.4920634925365448, 0.5, 0.5, 0.0, 0.0, 0.0, 0.0, 0.0, 0.0, 0.3095238208770752, 0.6746031641960144 ]
                }
            },
            "5": {
                "id": 5,
                "data": {
                    "device-parameters": [ 1.0, 0.0, 0.08730161190032959, 0.5, 0.13333333333333333, 0.6666666666666666, 0.023437494412064552, 0.5653063654899597, 1.0, 0.5, 0.13333333333333333, 0.6666666666666666, 1.0, 1.0, 1.0, 0.7559748291969299, 0.4523809850215912, 0.0, 0.5, 0.5, 0.5, 0.0, 0.0, 1.0, 0.6028345823287964, 0.0, 1.0, 0.372768372297287, 1.0, 0.1647038757801056, 0.3617021143436432, 0.6588307023048401, 0.8085106611251831, 0.0, 0.6388094425201416, 1.0, 0.19047619047619047, 0.5, 0.09375, 0.375, 0.4921875, 1.0, 0.0555555559694767, 0.625, 0.0, 0.0, 0.0, 0.0, 1.0, 0.90625, 0.28125, 0.761904776096344, 0.60317462682724 ]
                }
            },
            "6": {
                "id": 6,
                "data": {
                    "device-parameters": [ 1.0, 1.0, 0.230158731341362, 0.3333333333333333, 0.13333333333333333, 0.0, 0.5, 0.40579333901405334, 1.0, 0.3333333333333333, 0.13333333333333333, 0.6666666666666666, 0.5, 1.0, 1.0, 0.7559748291969299, 0.4047619104385376, 1.0, 0.5, 0.579365074634552, 0.5, 0.0, 1.0, 0.71875, 0.796870231628418, 0.0, 1.0, 0.37277066707611084, 1.0, 0.3098044693470001, 0.5106382966041565, 0.7176443934440613, 0.40425533056259155, 0.0, 0.46874862909317017, 0.0, 0.09523809523809523, 1.0, 0.0625, 0.0, 0.421875, 0.0, 0.3888888955116272, 0.28125, 0.5, 1.0, 0.796875, 0.03125, 1.0, 0.1484375, 0.40625, 0.5, 0.3571428656578064 ]
                }
            },
            "7": {
                "id": 7,
                "data": {
                    "device-parameters": [ 1.0, 1.0, 0.5653063654899597, 0.5, 0.13333333333333333, 0.0, 0.1171875149011612, 0.5653063654899597, 1.0, 0.3333333333333333, 0.13333333333333333, 0.6666666666666666, 0.8750000596046448, 0.0, 1.0, 0.7559748291969299, 0.0, 0.0, 0.0, 0.6507936716079712, 0.5, 1.0, 1.0, 0.71875, 0.5234347581863403, 0.0, 0.3203125, 0.37277066707611084, 1.0, 0.2705897092819214, 0.0, 0.7882363796234131, 0.4893617033958435, 0.6000000000000001, 0.6388094425201416, 1.0, 0.5714285714285714, 0.0, 0.0, 1.0, 0.0, 0.0, 0.1031746044754982, 0.203125, 0.5, 1.0, 0.9921875, 0.0, 0.0, 0.0, 0.0, 0.5, 0.5 ]
                }
            },
            "8": {
                "id": 8,
                "data": {
                    "device-parameters": [ 1.0, 0.0, 0.1984127163887024, 0.5, 0.0, 0.0, 0.8593750596046448, 0.1984127163887024, 0.0, 0.16666666666666666, 0.2, 1.0, 0.1953124850988388, 1.0, 1.0, 0.7559748291969299, 0.5079365372657776, 1.0, 0.0, 0.5, 0.5, 0.0, 0.0, 1.0, 0.602835476398468, 0.0, 1.0, 0.37277066707611084, 1.0, 0.17646844685077667, 0.4761904776096344, 0.8190016150474548, 0.5873016119003296, 0.0, 0.7031302452087402, 0.0, 0.42857142857142855, 0.734375, 0.0, 0.234375, 0.0, 0.0, 0.7063491940498352, 0.6953125, 0.0, 0.0, 0.0, 0.0, 0.0, 0.0, 0.0, 0.6269841194152832, 0.4841269850730896 ]
                }
            }
        }
    }
}