{
    "pattrstorage": {
        "name": "device-dataset",
        "slots": {
            "1": {
                "id": 1,
                "data": {
                    "device-parameters": [ 1.0, 0.0, 0.11109761397043863, 0.5006363987922668, 0.49991899728775024, 0.14241876627604166, 0.2545082871884898, 0.5829505668556185, 0.9992743134498596, 0.4997239410877228, 0.5007692575454712, 0.49964189529418945, 0.5006922483444214, 0.5000408887863159, 0.5, 0.0, 0.5, 0.5, 0.5, 0.4518010091145834, 0.35841738597057843, 0.4128841775383461, 0.9994440674781799, 0.0, 1.0, 0.0, 0.4999445080757141, 0.0007549832617419549, 0.0, 0.0, 0.0008234002441167832, 0.0, 0.0, 0.0, 1.0, 0.0, 0.5, 0.0, 1.0, 0.0, 0.0, 0.5, 0.5, 0.5011284947395325, 0.9322251129150391, 0.49850204586982727, 0.49883997440338135, 0.4999353587627411, 0.4995959997177124, 0.0006754814833402633, 0.5004433989524841, 0.0, 0.0, 0.05555555555555556, 0.0, 0.0, 0.0, 0.0, 0.0, 0.5, 0.5, 1.0, 0.0, 0.0, 0.49963536858558655, 0.0, 0.5261472778320313, 0.5, 0.55, 0.0, 0.5, 0.5, 0.5, 0.5, 0.5, 0.0, 0.9991763305664063, 0.4995998740196228, 0.0, 0.0, 0.0007922102510929108, 0.6692913303880629, 0.0, 0.0, 0.9992598724365235, 0.5, 0.0, 0.5, 0.5, 0.0, 1.0, 0.5, 0.0, 0.5, 0.0, 0.0, 0.5, 0.18951712052027384, 0.5, 0.42514202117919925, 0.0, 0.5, 0.5, 0.0, 0.5, 0.5, 0.0, 0.0, 0.0, 0.9083750894801184, 0.0, 0.3333333333333333, 0.42857142857142855, 0.9821707916259765, 0.0967741935483871, 0.30938301086425785, 0.5024165491903981 ]
                }
            },
            "2": {
                "id": 2,
                "data": {
                    "device-parameters": [ 1.0, 0.0, 0.1111111111111111, 0.5, 0.5, 0.14329601236979167, 0.2545963064156526, 0.5826771684311437, 1.0, 0.5, 0.5, 0.5, 0.5, 0.5, 0.5, 0.0, 0.5, 0.5, 0.5, 0.4518010091145834, 0.35841738597057843, 0.5309944135024175, 1.0, 0.7559055148898899, 1.0, 0.0, 0.5, 0.0, 0.0, 0.23111287251607077, 0.0, 0.0, 0.0, 0.0, 1.0, 0.0, 0.5, 0.0, 1.0, 0.0, 0.0, 0.5, 0.5, 0.5, 0.93, 0.5, 0.5, 0.5, 0.5, 0.0, 0.5, 0.0, 0.0, 0.05555555555555556, 0.0, 0.0, 0.0, 0.0, 0.0, 0.5, 0.5, 1.0, 0.0, 0.0, 0.5, 0.29921258926391603, 0.5260044555664063, 0.585, 0.55, 0.0, 0.5, 0.5, 0.5, 0.5, 0.5, 0.0, 1.0, 0.5, 0.0, 0.0, 0.0, 0.047619049421153276, 0.0, 0.06299212574958801, 1.0, 0.28, 0.0, 0.5, 0.5, 0.0, 1.0, 0.5, 0.0, 0.5, 0.0, 0.0, 0.5, 0.4488189220428467, 0.4375, 0.6377952575683594, 0.0, 0.5, 0.5, 0.0, 0.5, 0.5, 0.0, 0.0, 0.0, 0.9083750894801184, 0.0, 0.3333333333333333, 0.42857142857142855, 1.0, 0.0967741935483871, 0.34251725673675537, 0.5031459562240108 ]
                }
            },
            "3": {
                "id": 3,
                "data": {
                    "device-parameters": [ 1.0, 0.0, 0.1111111111111111, 0.5, 0.5, 0.14329601236979167, 0.2545963064156526, 0.5826771684311437, 1.0, 0.5, 0.5, 0.5, 0.5, 0.5, 0.5, 0.0, 0.5, 0.5, 0.5, 0.4518010091145834, 0.35841738597057843, 0.5309944135024175, 1.0, 0.9055118595157658, 1.0, 0.0, 0.5, 0.0, 0.0, 0.40434123087931684, 0.0, 0.0, 0.0, 0.0, 1.0, 0.0, 0.5, 0.0, 1.0, 0.0, 0.0, 0.5, 0.5, 0.5, 0.93, 0.5, 0.5, 0.5, 0.5, 0.0, 0.5, 0.0, 0.0, 0.05555555555555556, 0.0, 0.0, 0.0, 0.0, 0.0, 0.5, 0.5, 1.0, 0.0, 0.0, 0.5, 0.6850393676757812, 0.5260044555664063, 0.585, 0.55, 0.0, 0.5, 0.5, 0.5, 0.5, 0.5, 0.0, 1.0, 0.5, 0.0, 0.0, 0.0, 0.047619049421153276, 0.0, 0.0, 1.0, 0.5, 0.0, 0.5, 0.5, 0.0, 1.0, 0.5, 0.0, 0.5, 0.0, 0.0, 0.5, 0.5590551296869913, 0.5, 0.5275590515136719, 0.0, 0.5, 0.5, 0.0, 0.5, 0.5, 0.0, 0.0, 0.0, 0.9083750894801184, 0.0, 0.3333333333333333, 0.42857142857142855, 0.716535415649414, 0.0967741935483871, 0.48424954414367677, 0.5031459562240108 ]
                }
            },
            "4": {
                "id": 4,
                "data": {
                    "device-parameters": [ 1.0, 0.0, 0.1111111111111111, 0.5, 0.5, 0.14329601236979167, 0.2545963064156526, 0.5826771684311437, 1.0, 0.5, 0.5, 0.5, 0.5, 0.5, 0.5, 0.0, 0.5, 0.5, 0.5, 0.4518010091145834, 0.35841738597057843, 0.5309944135024175, 1.0, 0.7716535383039289, 1.0, 0.0, 0.5, 0.0, 0.0, 0.5618215261159597, 0.0, 0.0, 0.0, 0.0, 1.0, 0.0, 0.5, 0.0, 1.0, 0.0, 0.0, 0.5, 0.5, 0.5, 0.93, 0.5, 0.5, 0.5, 0.5, 0.0, 0.5, 0.0, 0.0, 0.05555555555555556, 0.0, 0.0, 0.0, 0.0, 0.0, 0.5, 0.5, 1.0, 0.0, 0.0, 0.5, 0.8503936767578125, 0.5260044555664063, 0.585, 0.55, 0.0, 0.5, 0.5, 0.5, 0.5, 0.5, 0.0, 1.0, 0.5, 0.0, 0.7795275847117106, 0.0, 0.047619049421153276, 0.0, 0.0, 1.0, 0.15, 0.0, 0.5, 0.5, 0.0, 1.0, 0.5, 0.0, 0.5, 0.0, 0.0, 0.5, 0.5590551296869913, 0.5, 0.3149606323242188, 0.0, 0.5, 0.5, 0.0, 0.5, 0.5, 0.0, 0.0, 0.0, 0.9083750894801184, 0.0, 0.3333333333333333, 0.42857142857142855, 1.0, 0.0967741935483871, 0.48424954414367677, 0.5031459562240108 ]
                }
            },
            "5": {
                "id": 5,
                "data": {
                    "device-parameters": [ 1.0, 0.0, 0.1111111111111111, 0.5, 0.5, 0.14329601236979167, 0.2545963064156526, 0.5826771684311437, 1.0, 0.5, 0.5, 0.5, 0.5, 0.5, 0.5, 0.0, 0.5, 0.5, 0.5, 0.4518010091145834, 0.35841738597057843, 0.5309944135024175, 1.0, 0.8740157149336837, 1.0, 0.0, 0.5, 0.0, 0.0, 0.1602467335499562, 0.0, 0.0, 0.0, 0.0, 1.0, 0.0, 0.5, 0.0, 1.0, 0.0, 0.0, 0.5, 0.5, 0.5, 0.93, 0.5, 0.5, 0.5, 0.5, 0.0, 0.5, 0.0, 0.0, 0.05555555555555556, 0.0, 0.0, 0.0, 0.0, 0.0, 0.5, 0.5, 1.0, 0.0, 0.0, 0.5, 0.7007874298095703, 0.5260044555664063, 0.585, 0.55, 0.0, 0.5, 0.5, 0.5, 0.5, 0.5, 0.0, 1.0, 0.5, 0.0, 0.7795275847117106, 0.0, 0.047619049421153276, 0.0, 0.0, 1.0, 0.1, 0.0, 0.5, 0.5, 0.0, 1.0, 0.5, 0.0, 0.5, 0.0, 0.0, 0.5, 0.0, 0.5, 0.0787401580810547, 0.0, 0.5, 0.5, 0.0, 0.5, 0.5, 0.0, 0.0, 0.0, 0.9083750894801184, 0.0, 0.3333333333333333, 1.0, 0.740157470703125, 0.0967741935483871, 0.7125959873199463, 0.5031459562240108 ]
                }
            },
            "6": {
                "id": 6,
                "data": {
                    "device-parameters": [ 1.0, 0.0, 0.1111111111111111, 0.5, 0.5, 0.14329601236979167, 0.2545963064156526, 0.3779527746227909, 1.0, 0.5, 0.5, 0.5, 0.5, 0.5, 0.5, 0.0, 0.5, 0.5, 0.5, 0.4518010091145834, 0.35841738597057843, 0.5309944135024175, 1.0, 0.8740157149336837, 1.0, 0.0, 0.5, 0.0, 0.0, 0.3413491005654092, 0.0, 0.0, 0.0, 0.0, 1.0, 0.0, 0.5, 0.0, 1.0, 0.0, 0.0, 0.5, 0.5, 0.5, 0.93, 0.5, 0.5, 0.5, 0.5, 0.0, 0.5, 0.0, 0.0, 0.05555555555555556, 0.0, 0.0, 0.0, 0.0, 0.0, 0.5, 0.5, 1.0, 0.0, 0.0, 0.5, 0.5984252166748047, 0.5260044555664063, 0.585, 0.55, 0.0, 0.5, 0.5, 0.5, 0.5, 0.5, 0.0, 1.0, 0.5, 0.0, 0.7795275847117106, 0.0, 0.047619049421153276, 0.0, 0.0, 1.0, 0.9, 0.0, 0.5, 0.5, 0.0, 1.0, 0.5, 0.0, 0.5, 0.0, 0.0, 0.5, 0.7165354092915852, 0.5, 0.0787401580810547, 0.0, 0.5, 0.5, 0.0, 0.5, 0.5, 0.0, 0.0, 0.0, 0.9083750894801184, 0.0, 0.3333333333333333, 1.0, 0.2755905342102051, 0.0967741935483871, 0.7519660472869873, 0.5031459562240108 ]
                }
            },
            "7": {
                "id": 7,
                "data": {
                    "device-parameters": [ 1.0, 0.0, 0.1111111111111111, 0.5, 0.5, 0.14329601236979167, 0.2545963064156526, 0.3779527746227909, 1.0, 0.5, 0.5, 0.5, 0.5, 0.5, 0.5, 0.0, 0.5, 0.5, 0.5, 0.4518010091145834, 0.35841738597057843, 0.5309944135024175, 1.0, 0.8740157149336837, 1.0, 0.0, 0.5, 0.0, 0.0, 0.4279632721100006, 0.0, 0.0, 0.0, 0.0, 1.0, 0.0, 0.5, 0.0, 1.0, 0.0, 0.0, 0.5, 0.5, 0.5, 0.93, 1.0, 0.5, 0.5, 0.5, 0.0, 0.5, 0.0, 0.0, 0.05555555555555556, 0.0, 0.0, 0.0, 0.0, 0.0, 0.5, 0.5, 1.0, 0.0, 0.0, 0.5, 0.5039370346069336, 0.5260044555664063, 0.585, 0.55, 0.0, 0.5, 0.5, 0.5, 0.5, 0.5, 0.0, 1.0, 0.5, 0.0, 0.0, 0.0, 0.047619049421153276, 0.0, 0.0, 1.0, 0.31, 0.0, 0.5, 0.5, 0.0, 1.0, 0.5, 0.0, 0.5, 0.0, 0.0, 0.5, 0.9370079040527344, 0.5, 0.6535433197021484, 0.0, 0.5, 0.5, 0.0, 0.5, 0.5, 0.0, 0.0, 0.0, 0.9083750894801184, 0.0, 0.3333333333333333, 1.0, 0.5905511856079102, 0.0967741935483871, 0.5275590419769287, 0.5031459562240108 ]
                }
            },
            "8": {
                "id": 8,