{
    "pattrstorage": {
        "name": "device-dataset",
        "slots": {
            "1": {
                "id": 1,
                "data": {
                    "device-parameters": [ 1.0, 1.0, 1.0, 0.5, 0.5, 0.6666666666666666, 0.5, 0.20833333333333331, 0.2063492089509964, 0.6666666865348816, 1.0, 1.0, 1.0, 1.0, 0.0, 0.1587301790714264, 0.1171875, 0.484375, 1.0, 0.0, 0.0, 0.0, 0.1493234485387802, 0.7142857142857142, 0.0, 0.523809552192688, 0.2698412835597992, 0.0, 0.0, 0.0, 0.0, 0.0, 0.0, 0.32317662239074707, 0.5714285714285714, 0.0, 0.0, 0.0707106813788414, 0.349747896194458, 0.3125, 0.5, 0.75, 0.75, 0.7071067690849304, 0.0, 0.0707106813788414, 0.349747896194458, 0.349747896194458, 0.0, 1.0, 0.5, 0.0, 0.5, 0.75, 0.75, 0.0, 0.4761904776096344, 0.5, 0.6351351141929626, 0.0, 0.0, 1.0, 1.0, 0.5, 0.5, 0.5, 0.546875, 0.0, 0.2698412835597992, 0.380952388048172, 1.0, 1.0, 1.0, 1.0, 0.25, 0.555555522441864, 0.0, 0.390625, 1.0, 1.0, 0.0, 1.0, 0.1696857362985611, 0.7142857142857142, 0.0, 0.7698412537574768, 0.261904776096344, 0.0, 0.0, 0.0, 0.0, 0.0, 0.0, 0.2224830538034439, 0.5714285714285714, 0.0, 0.0, 0.20297499001026154, 0.349747896194458, 0.2734375, 0.5, 0.75, 0.75, 0.7071067690849304, 0.0, 0.0707106813788414, 0.349747896194458, 0.349747896194458, 0.0, 1.0, 0.5, 0.0, 0.5, 0.75, 0.75, 0.0, 0.6904761791229248, 0.421875, 0.6000000238418579, 0.0, 0.0, 0.0, 0.3492063581943512, 0.0, 0.0, 0.0, 0.0, 0.7585775256156921, 0.0 ]
                }
            },
            "2": {
                "id": 2,
                "data": {
                    "device-parameters": [ 1.0, 1.0, 1.0, 0.5, 0.5, 0.6666666666666666, 0.5, 0.20833333333333331, 0.6428571343421936, 0.3650793731212616, 1.0, 1.0, 1.0, 1.0, 0.0, 0.6428571939468384, 0.1171875, 0.484375, 1.0, 0.0, 0.0, 0.0, 0.4682539701461792, 0.7142857142857142, 0.0, 0.6984127163887024, 0.5317460298538208, 0.0, 0.5, 0.0, 0.1746031790971756, 0.0, 0.0, 0.32317662239074707, 0.5714285714285714, 0.0, 0.0, 0.0707106813788414, 0.349747896194458, 0.3125, 0.5, 0.75, 0.75, 0.7071067690849304, 0.0, 0.0707106813788414, 0.349747896194458, 0.349747896194458, 0.0, 1.0, 0.5, 0.0, 0.5, 0.75, 0.75, 0.0, 0.4761904776096344, 0.5, 0.6351351141929626, 0.0, 0.0, 1.0, 1.0, 0.5, 0.5, 0.5, 0.546875, 0.0, 0.7222222089767456, 0.3492063581943512, 1.0, 1.0, 1.0, 1.0, 0.25, 0.142857164144516, 0.0, 0.390625, 1.0, 1.0, 0.0, 1.0, 0.1696857362985611, 0.7142857142857142, 0.0, 0.7698412537574768, 0.261904776096344, 0.0, 0.0, 0.0, 0.0, 0.0, 0.0, 0.2224830538034439, 0.5714285714285714, 0.0, 0.0, 0.20297499001026154, 0.349747896194458, 0.2734375, 0.5, 0.75, 0.75, 0.7071067690849304, 0.0, 0.0707106813788414, 0.349747896194458, 0.349747896194458, 0.0, 1.0, 0.5, 0.0, 0.5, 0.75, 0.75, 0.0, 0.6904761791229248, 0.421875, 0.6000000238418579, 0.0, 0.0, 0.0, 0.3492063581943512, 0.0, 0.0, 0.0, 0.0, 0.7585775256156921, 0.0 ]
                }
            },
            "3": {
                "id": 3,
                "data": {
                    "device-parameters": [ 1.0, 1.0, 1.0, 0.5, 0.5, 0.6666666666666666, 0.5, 0.20833333333333331, 0.4365079402923584, 0.6746031641960144, 1.0, 1.0, 1.0, 1.0, 0.0, 0.6428571939468384, 0.1171875, 0.484375, 1.0, 0.0, 0.0, 0.0, 0.4682539701461792, 0.7142857142857142, 0.0, 0.6984127163887024, 0.5317460298538208, 0.0, 0.5, 0.0, 0.1746031790971756, 0.0, 0.0, 0.32317662239074707, 0.5714285714285714, 0.0, 0.0, 0.0707106813788414, 0.349747896194458, 0.3125, 0.5, 0.75, 0.75, 0.7071067690849304, 0.0, 0.0707106813788414, 0.349747896194458, 0.349747896194458, 0.0, 1.0, 0.5, 0.0, 0.5, 0.75, 0.75, 0.0, 0.7142857313156128, 0.5, 0.6351351141929626, 0.0, 0.0, 1.0, 1.0, 0.5, 0.5, 0.5, 0.546875, 0.041666666666666664, 0.4523809552192688, 0.7539682388305664, 1.0, 1.0, 1.0, 1.0, 0.25, 0.611111044883728, 0.0, 0.390625, 1.0, 1.0, 0.0, 1.0, 0.1696857362985611, 0.7142857142857142, 0.0, 0.7698412537574768, 0.261904776096344, 0.0, 0.0, 0.0, 0.0, 0.0, 0.0, 0.2224830538034439, 0.5714285714285714, 0.0, 0.0, 0.20297499001026154, 0.3442623019218445, 0.2734375, 0.5, 0.75, 0.75, 0.739130437374115, 0.0, 0.0707106813788414, 0.349747896194458, 0.349747896194458, 0.0, 1.0, 0.5, 0.0, 0.5, 0.75, 0.75, 0.0, 0.3968254029750824, 0.421875, 0.6000000238418579, 0.0, 0.0, 0.0, 0.3492063581943512, 0.0, 0.0, 0.0, 0.0, 0.7585775256156921, 0.0 ]
                }
            },
            "4": {
                "id": 4,
                "data": {
                    "device-parameters": [ 1.0, 1.0, 1.0, 0.5, 0.5, 0.6666666666666666, 0.5, 0.16666666666666666, 0.1587301641702652, 0.5555555820465088, 1.0, 1.0, 1.0, 1.0, 0.0, 0.3174603581428528, 0.4375, 0.484375, 1.0, 0.0, 0.0, 0.0, 0.1587301641702652, 0.7142857142857142, 0.0, 0.380952388048172, 0.7539682388305664, 0.0, 0.5, 0.0, 0.1746031790971756, 0.0, 0.0, 0.32317662239074707, 0.5714285714285714, 0.0, 0.0, 0.0707106813788414, 0.349747896194458, 0.3125, 0.5, 0.75, 0.75, 0.7071067690849304, 0.0, 0.0707106813788414, 0.349747896194458, 0.349747896194458, 0.0, 1.0, 0.5, 0.0, 0.5, 0.75, 0.75, 0.0, 0.7142857313156128, 0.5, 0.6351351141929626, 0.0, 0.0, 1.0, 1.0, 0.5, 0.5, 0.5, 0.546875, 0.08333333333333333, 0.6904761791229248, 0.4841269850730896, 1.0, 1.0, 1.0, 1.0, 0.25, 0.3253968358039856, 0.625, 0.390625, 1.0, 1.0, 0.0, 1.0, 0.1666666716337204, 0.7142857142857142, 0.0, 0.7301587462425232, 0.190476194024086, 0.0, 0.0, 0.0, 0.0, 0.0, 0.0, 0.2224830538034439, 0.5714285714285714, 0.0, 0.0, 0.20297499001026154, 0.3442623019218445, 0.2734375, 0.5, 0.75, 0.75, 0.739130437374115, 0.0, 0.0707106813788414, 0.349747896194458, 0.349747896194458, 0.0, 1.0, 0.5, 0.0, 0.5, 0.75, 0.75, 0.0, 0.3968254029750824, 0.421875, 0.6000000238418579, 0.0, 0.0, 0.0, 0.3492063581943512, 0.0, 0.0, 0.0, 0.0, 0.7585775256156921, 0.0 ]
                }
            },
            "5": {
                "id": 5,
                "data": {
                    "device-parameters": [ 1.0, 1.0, 1.0, 0.5, 0.5, 0.6666666666666666, 0.5, 0.08333333333333333, 0.1587301641702652, 0.5555555820465088, 1.0, 1.0, 1.0, 1.0, 0.0, 0.3888889253139496, 0.4375, 0.484375, 1.0, 0.0, 0.0, 0.0, 0.4682539701461792, 0.7142857142857142, 0.0, 0.7142857313156128, 0.4920634925365448, 0.0, 0.658730149269104, 0.0, 0.1746031790971756, 0.0, 0.0, 0.32317662239074707, 0.5714285714285714, 0.0, 0.0, 0.0707106813788414, 0.349747896194458, 0.3125, 0.5, 0.75, 0.75, 0.7071067690849304, 0.0, 0.0707106813788414, 0.349747896194458, 0.349747896194458, 0.0, 1.0, 0.5, 0.0, 0.5, 0.75, 0.75, 0.0, 0.3571428656578064, 0.5, 0.6351351141929626, 0.0, 0.0, 1.0, 1.0, 0.5, 0.5, 0.5, 0.546875, 0.041666666666666664, 0.4126984179019928, 0.4841269850730896, 1.0, 1.0, 1.0, 1.0, 0.25, 0.658730149269104, 0.625, 0.390625, 1.0, 0.4, 0.0, 1.0, 0.4920634925365448, 0.7142857142857142, 0.0, 0.60317462682724, 0.261904776096344, 0.0, 0.0, 0.0, 0.0, 0.0, 0.0, 0.2224830538034439, 0.5714285714285714, 0.0, 0.0, 0.20297499001026154, 0.3442623019218445, 0.2734375, 0.5, 0.75, 0.75, 0.739130437374115, 0.0, 0.0707106813788414, 0.349747896194458, 0.349747896194458, 0.0, 1.0, 0.5, 0.0, 0.5, 0.75, 0.75, 0.0, 0.3968254029750824, 0.421875, 0.6000000238418579, 0.0, 0.0, 0.0, 0.3492063581943512, 0.0, 0.0, 0.0, 0.3515625, 0.7585775256156921, 0.0 ]
                }
            },
            "6": {
                "id": 6,