{
    "pattrstorage": {
        "name": "device-dataset",
        "slots": {
            "1": {
                "id": 1,
                "data": {
                    "device-parameters": [ 1.0, 0.0, 0.0, 0.0, 0.0, 0.0, 0.0, 0.0, 0.0, 0.5118110235780478, 0.5196850392967463, 0.16, 0.8900000013803181 ]
                }
            },
            "2": {
                "id": 2,
                "data": {
                    "device-parameters": [ 1.0, 0.4941023592837155, 0.3962761089205742, 0.7839443683624268, 0.9015944004058838, 0.000896155834197998, 0.46178024262189865, 0.3371175229549408, 0.5084775742143393, 0.25728654861450195, 0.6281857341527939, 0.16, 0.8900000013803181 ]
                }
            },
            "3": {
                "id": 3,
                "data": {
                    "device-parameters": [ 1.0, 0.2816294878721237, 0.4779331684112549, 0.35613247752189636, 0.8745829463005066, 0.5520547032356262, 0.8806750178337097, 0.6821532100439072, 0.296800822019577, 0.03751707077026367, 0.7605164647102356, 0.16, 0.8900000013803181 ]
                }
            },
            "4": {
                "id": 4,
                "data": {
                    "device-parameters": [ 1.0, 0.7784810066223145, 0.19925940036773682, 0.1254919469356537, 0.14436879754066467, 0.2275647222995758, 0.7280247956514359, 0.8021880686283112, 0.18561521172523499, 0.7870826125144958, 0.9293263554573059, 0.16, 0.8900000013803181 ]
                }
            },
            "5": {
                "id": 5,
                "data": {
                    "device-parameters": [ 1.0, 0.2066415250301361, 0.01452702283859253, 0.1697157919406891, 0.7196738570928574, 0.43698784708976746, 0.10238474607467651, 0.1403493583202362, 0.39391250908374786, 0.9230702817440033, 0.04101976752281189, 0.16, 0.8900000013803181 ]
                }
            },
            "6": {
                "id": 6,
                "data": {
                    "device-parameters": [ 1.0, 0.6515961587429047, 0.707177609205246, 0.30176907777786255, 0.3647223711013794, 0.4857954327017069, 0.8384861350059509, 0.6886050403118134, 0.13685369491577148, 0.23856979608535767, 0.43653032183647156, 0.16, 0.8900000013803181 ]
                }
            },
            "7": {
                "id": 7,
                "data": {
                    "device-parameters": [ 1.0, 0.9352612793445587, 0.21237853169441223, 0.9737410247325897, 0.017958909273147583, 0.6642301082611084, 0.33362407982349396, 0.4744935352355242, 0.9730572998523712, 0.9502291083335876, 0.7574881613254547, 0.16, 0.8900000013803181 ]
                }
            },
            "8": {
                "id": 8,
                "data": {
                    "device-parameters": [ 1.0, 0.5167653355747461, 0.5464475266635418, 0.4566911980509758, 0.35078883171081543, 0.3694029897451401, 0.6840988844633102, 0.030142277479171753, 0.7706588208675385, 0.6373827755451202, 0.15848007798194885, 0.16, 0.8900000013803181 ]
                }
            },
            "9": {
                "id": 9,
                "data": {
                    "device-parameters": [ 1.0, 0.16358113288879395, 0.5486845560371876, 0.8169522285461426, 0.7165098041296005, 0.8233579695224762, 0.9262506067752838, 0.34540116786956787, 0.3028386980295181, 0.815171867609024, 0.9623957276344299, 0.16, 0.8900000013803181 ]
                }
            },
            "10": {
                "id": 10,
                "data": {
                    "device-parameters": [ 1.0, 0.8412994146347046, 0.5233258605003357, 0.5866528674960136, 0.23838549852371216, 0.4263359308242798, 0.09024399518966675, 0.40265990048646927, 0.5504821613430977, 0.4111146256327629, 0.6317220330238342, 0.16, 0.8900000013803181 ]
                }
            },
            "11": {
                "id": 11,
                "data": {
                    "device-parameters": [ 1.0, 0.2890779972076416, 0.47363996133208275, 0.18571791052818298, 0.20234724879264832, 0.1263616979122162, 0.15455007553100586, 0.15435656905174255, 0.5009776809019968, 0.2126363217830658, 0.3117872327566147, 0.16, 0.8900000013803181 ]
                }
            },
            "12": {
                "id": 12,
                "data": {
                    "device-parameters": [ 1.0, 0.97292160987854, 0.8061808943748474, 0.4039123058319092, 0.6518318206071854, 0.21763193607330322, 0.3245147317647934, 0.9816983342170715, 0.3901168406009674, 0.8318450450897217, 0.01712656021118164, 0.16, 0.8900000013803181 ]
                }
            },
            "13": {
                "id": 13,
                "data": {
                    "device-parameters": [ 1.0, 0.9044261872768402, 0.3918383866548538, 0.24664270877838135, 0.8177882730960846, 0.3353315591812134, 0.9718787670135498, 0.08940878510475159, 0.7096569389104843, 0.6180325001478195, 0.4802040196955204, 0.16, 0.8900000013803181 ]
                }
            }
        }
    }
}