{
    "pattrstorage": {
        "name": "device-dataset",
        "slots": {
            "1": {
                "id": 1,
                "data": {
                    "device-parameters": [ 1.0, 0.0, 0.5, 0.20833333333333331, 0.39999979734420776, 0.5, 0.0, 0.0, 0.699999988079071, 0.0, 0.0, 0.5397940278053284, 1.0, 0.020833333333333332, 0.0, 0.5, 1.0, 0.0, 0.4345879852771759, 0.8, 1.0, 1.0, 0.0, 0.75, 0.5, 0.0, 0.0, 1.0, 1.0, 0.0, 0.0, 0.6278579235076904, 1.0, 1.0, 0.5445746183395386, 0.0, 0.5397940278053284, 0.21428571428571427, 0.5, 1.0, 0.020833333333333332, 0.0, 0.5, 1.0, 0.0, 0.4345879852771759, 0.8, 0.0, 1.0, 0.0, 0.75, 0.5, 0.0, 0.0, 1.0, 1.0, 0.0, 0.0, 0.5445746183395386, 1.0, 0.3999996781349182, 0.5445746183395386, 0.0, 0.5397940278053284, 0.21428571428571427, 0.5, 1.0, 0.020833333333333332, 0.0, 0.5, 1.0, 0.0, 0.4345879852771759, 0.8, 0.0, 1.0, 0.0, 0.75, 0.5, 0.0, 0.0, 1.0, 1.0, 0.0, 0.0, 0.5445746183395386, 1.0, 0.3999996781349182, 0.5445746183395386, 0.0, 0.5397940278053284, 0.21428571428571427, 0.5, 1.0, 0.020833333333333332, 0.0, 0.5, 1.0, 0.0, 0.4345879852771759, 0.8, 0.0, 1.0, 0.0, 0.75, 0.5, 0.0, 0.0, 1.0, 1.0, 0.0, 0.0, 0.5445746183395386, 1.0, 0.3999996781349182, 0.5445746183395386, 0.0, 0.5397940278053284, 0.21428571428571427, 0.5, 0.5, 0.5, 0.0, 0.0, 0.625, 0.5, 0.5445746183395386, 0.625, 1.0, 0.5, 0.35557058453559875, 0.5, 1.0, 0.0, 0.5397940278053284, 0.21428571428571427, 0.5, 1.0, 1.0, 0.0, 1.0, 0.0, 0.0, 0.0, 0.7874015748031495, 0.21428571428571427, 0.0, 1.0, 0.10000000149011612, 1.0, 0.0, 1.0, 0.5, 1.0, 0.0, 0.0, 0.581428050994873, 1.0, 1.0, 0.35557058453559875, 0.0, 0.0, 0.5397940278053284, 0.21428571428571427, 0.5, 1.0, 0.0, 0.0, 0.0, 1.0, 0.9326211214065552, 0.22222223281860354, 0.0, 0.0, 0.5, 0.75, 0.5, 0.0, 0.0, 0.0, 0.5, 0.581428050994873, 1.0, 1.0, 0.0, 0.35557058453559875, 0.0, 1.0, 0.0, 0.5397940278053284, 0.21428571428571427, 0.5, 0.0, 1.0, 0.5 ]
                }
            },
            "2": {
                "id": 2,
                "data": {
                    "device-parameters": [ 1.0, 0.7000000000000001, 0.375, 0.5, 0.3650793731212616, 0.5, 0.0, 0.0, 0.6062992215156555, 0.0, 0.0, 0.0, 1.0, 0.0625, 0.0, 0.5, 1.0, 0.0, 0.4345879852771759, 0.8, 1.0, 1.0, 1.0, 0.5, 0.5, 0.36363636363636365, 0.0, 1.0, 1.0, 0.5476464033126831, 0.6271186470985413, 0.8830526471138, 1.0, 0.8305084705352783, 0.8047251105308533, 0.0, 0.5397940278053284, 0.21428571428571427, 0.5, 1.0, 0.0625, 0.0, 0.5, 1.0, 0.0, 0.4345879852771759, 0.8, 0.6141732335090637, 1.0, 0.22, 0.5, 0.5, 0.0, 0.0, 1.0, 1.0, 0.8359439373016357, 1.0, 0.8362737894058228, 0.7118644118309021, 1.0, 1.0, 0.25, 0.75, 0.21428571428571427, 0.5, 1.0, 0.041666666666666664, 0.016, 0.5, 1.0, 0.0, 0.4345879852771759, 0.8, 0.8661417365074158, 1.0, 0.0, 0.5, 0.5, 0.5, 0.0, 0.0, 1.0, 0.0, 0.0, 0.5789896845817566, 0.5423728823661804, 1.0, 0.8047251105308533, 0.0, 0.5397940278053284, 0.21428571428571427, 0.5, 1.0, 0.020833333333333332, 0.008, 0.5, 1.0, 0.0, 0.4345879852771759, 0.8, 0.8267716765403748, 1.0, 0.0, 0.5, 0.5, 0.18181818181818182, 0.45, 0.0, 1.0, 0.0, 0.0, 0.5814281105995178, 1.0, 1.0, 1.0, 0.0, 0.5397940278053284, 0.21428571428571427, 0.5, 0.5, 0.47000000000000003, 1.0, 0.0, 0.26041666666666663, 0.5, 0.47373712062835693, 0.375, 1.0, 0.5, 0.6301369667053223, 0.5, 1.0, 0.0, 0.5397940278053284, 0.21428571428571427, 0.5, 0.5433070883154869, 1.0, 0.0, 1.0, 1.0, 0.3333333333333333, 0.0, 0.7060000201848549, 0.21428571428571427, 0.03125, 1.0, 0.014800000004470348, 1.0, 0.0, 1.0, 0.5, 1.0, 0.0, 0.0, 0.5814281105995178, 1.0, 1.0, 1.0, 0.0, 0.0, 0.5397940278053284, 0.21428571428571427, 0.5, 1.0, 1.0, 0.0, 0.0, 0.0, 0.13385824859142303, 0.20589094161987306, 0.0, 0.0, 0.6950000000000001, 0.5, 0.875, 0.0, 0.0, 0.0, 0.5, 0.899955153465271, 1.0, 1.0, 0.546875, 1.0, 0.0, 1.0, 0.0, 0.5397940278053284, 0.21428571428571427, 0.5, 0.0, 1.0, 0.5 ]
                }
            },
            "3": {
                "id": 3,
                "data": {
                    "device-parameters": [ 1.0, 1.0, 0.5, 0.20833333333333331, 0.5634920597076416, 0.5, 0.0, 0.0, 0.3834645748138428, 0.46, 0.0, 0.6954242587089539, 1.0, 0.020833333333333332, 0.005, 0.5, 1.0, 0.0, 0.4345879852771759, 0.8, 0.7777777910232544, 1.0, 0.0, 0.85, 0.5, 0.8636363636363636, 0.0, 0.0, 1.0, 0.7727272510528564, 0.0, 0.581428050994873, 1.0, 0.4399999976158142, 0.8484823703765869, 0.0, 0.5397940278053284, 0.21428571428571427, 0.5, 1.0, 0.041666666666666664, 0.006, 0.5, 1.0, 0.0, 0.4345879852771759, 0.8, 0.84375, 1.0, 0.0, 0.5, 0.5, 0.13636363636363635, 0.0, 0.0, 1.0, 0.0, 0.0, 0.581428050994873, 0.9200000166893005, 0.578125, 0.734375, 0.0, 0.5397940278053284, 0.21428571428571427, 0.5, 1.0, 0.0625, 0.008, 0.5, 1.0, 0.0, 0.4345879852771759, 0.8, 0.3478715419769287, 1.0, 0.0, 0.33, 0.5, 0.13636363636363635, 0.0, 0.0, 1.0, 0.761363685131073, 0.0, 0.8068181872367859, 0.953125, 0.25, 0.574999988079071, 0.0, 0.5397940278053284, 0.21428571428571427, 0.5, 1.0, 0.020833333333333332, 0.502, 0.5, 1.0, 0.0, 0.20311042666435242, 0.8, 0.828740119934082, 1.0, 0.0, 0.5, 0.5, 0.13636363636363635, 0.31, 1.0, 1.0, 0.7272727489471436, 0.0, 0.581428050994873, 1.0, 0.6800000071525574, 0.699999988079071, 0.0, 0.5397940278053284, 0.21428571428571427, 0.5, 0.5, 0.5, 1.0, 0.02500000223517418, 0.625, 0.5, 0.5814281105995178, 0.5, 1.0, 0.5, 0.35557055473327637, 0.5, 1.0, 0.0, 0.5397940278053284, 0.21428571428571427, 0.5, 0.6190476417541504, 1.0, 0.0, 1.0, 1.0, 0.0, 0.0, 0.6199999831792876, 0.21428571428571427, 0.671875, 1.0, 0.03999999910593033, 1.0, 0.0, 1.0, 0.7109375, 0.0, 0.0, 0.0, 0.5814281105995178, 1.0, 1.0, 0.35557055473327637, 0.0, 0.0, 0.5397940278053284, 0.21428571428571427, 0.5, 1.0, 1.0, 0.0, 0.0, 0.0, 0.6875, 0.24980854988098145, 0.0, 0.0, 0.5, 0.675, 0.73, 0.0, 0.15000000596046448, 0.10000000149011612, 0.5, 0.6585139036178589, 0.7599999904632568, 1.0, 0.5400000214576721, 0.6499999761581421, 0.0, 1.0, 0.0, 0.5397940278053284, 0.21428571428571427, 0.5, 0.25, 1.0, 0.5 ]
                }
            },
            "4": {
                "id": 4,
                "data": {
                    "device-parameters": [ 1.0, 0.8, 0.625, 0.08333333333333333, 0.5476190447807312, 0.5, 0.0, 0.0, 0.0, 0.0, 0.0, 0.0, 1.0, 0.0, 0.0, 0.5, 1.0, 0.0, 0.36220473051071167, 1.0, 1.0, 1.0, 0.0, 0.5, 0.5, 0.4545454545454546, 0.4, 0.0, 0.0, 0.0, 0.0, 0.7532228827476501, 1.0, 1.0, 0.0468750037252903, 0.0, 0.5397940278053284, 0.0, 0.5, 1.0, 0.041666666666666664, 0.0, 0.5, 0.0, 0.0, 0.6377952694892883, 1.0, 0.6929134130477905, 1.0, 0.0, 0.5, 0.5, 0.4545454545454546, 0.0, 0.0, 0.0, 0.0, 0.0, 0.5064457654953003, 1.0, 0.9921875, 0.1171875, 0.0, 0.0, 0.21428571428571427, 0.5, 0.0, 0.020833333333333332, 0.0, 0.5, 0.0, 0.0, 0.7637795209884644, 0.4, 0.0, 1.0, 0.0, 0.5, 0.5, 0.0, 0.0, 1.0, 0.0, 0.0, 0.0, 0.581428050994873, 1.0, 1.0, 0.35557055473327637, 0.0, 0.203125, 0.3571428571428571, 0.5, 1.0, 0.0, 0.0, 0.5, 0.0, 0.0, 0.8503937125205994, 0.8, 0.0, 1.0, 0.0, 0.5, 0.5, 0.4545454545454546, 0.0, 0.0, 0.0, 0.0, 0.0, 0.581428050994873, 1.0, 1.0, 0.35557055473327637, 0.0, 0.5397940278053284, 0.21428571428571427, 0.5, 0.59, 0.495, 0.0, 0.0, 0.625, 0.5, 0.27300798892974854, 1.0, 1.0, 0.4895833333333333, 1.0, 0.5, 1.0, 0.25, 1.0, 0.21428571428571427, 0.615, 0.5546875, 1.0, 0.0, 1.0, 1.0, 0.16666666666666666, 0.0, 0.7480314960629921, 0.21428571428571427, 0.0, 1.0, 0.3253968358039856, 1.0, 0.0, 1.0, 0.5, 0.0, 0.0, 0.0, 0.581428050994873, 1.0, 1.0, 0.35557058453559875, 0.0, 0.0, 0.5397940278053284, 0.21428571428571427, 0.5, 1.0, 1.0, 0.0, 0.0, 0.0, 0.0, 0.4352587223052979, 0.0, 0.0, 0.85, 0.465, 0.965, 1.0, 0.0, 0.10000000149011612, 0.5, 0.65625, 1.0, 1.0, 0.0859375, 0.6171875, 0.0, 1.0, 0.0, 0.5397940278053284, 0.21428571428571427, 0.5, 0.0, 1.0, 0.5 ]
                }
            },
            "5": {
                "id": 5,