{
    "pattrstorage": {
        "name": "device-dataset",
        "slots": {
            "1": {
                "id": 1,
                "data": {
                    "device-parameters": [ 1.0, 0.0, 0.0, 0.0, 0.0, 0.0 ]
                }
            },
            "2": {
                "id": 2,
                "data": {
                    "device-parameters": [ 1.0, 0.0, 0.0, 0.0, 0.140625, 0.703125 ]
                }
            },
            "3": {
                "id": 3,
                "data": {
                    "device-parameters": [ 1.0, 0.453125, 0.16796875, 0.3828125, 0.0859375, 0.703125 ]
                }
            },
            "4": {
                "id": 4,
                "data": {
                    "device-parameters": [ 1.0, 0.828125, 0.48046875, 0.0859375, 0.0859375, 0.703125 ]
                }
            },
            "5": {
                "id": 5,
                "data": {
                    "device-parameters": [ 1.0, 0.8515625, 0.32421875, 0.57421875, 0.0546875, 0.703125 ]
                }
            },
            "6": {
                "id": 6,
                "data": {
                    "device-parameters": [ 1.0, 0.20703125, 0.44140625, 0.1796875, 0.17578125, 0.703125 ]
                }
            },
            "7": {
                "id": 7,
                "data": {
                    "device-parameters": [ 1.0, 0.33203125, 0.625, 0.046875, 0.1796875, 0.703125 ]
                }
            },
            "8": {
                "id": 8,
                "data": {
                    "device-parameters": [ 1.0, 0.484375, 0.41015625, 0.23046875, 0.1796875, 0.703125 ]
                }
            },
            "9": {
                "id": 9,
                "data": {
                    "device-parameters": [ 1.0, 0.0703125, 0.53515625, 0.046875, 0.26171875, 0.6015625 ]
                }
            },
            "10": {
                "id": 10,
                "data": {
                    "device-parameters": [ 1.0, 0.921875, 0.921875, 0.0, 0.0859375, 0.6015625 ]
                }
            },
            "11": {
                "id": 11,
                "data": {
                    "device-parameters": [ 1.0, 0.4296875, 0.93359375, 0.73828125, 0.046875, 0.6015625 ]
                }
            },
            "12": {
                "id": 12,
                "data": {
                    "device-parameters": [ 1.0, 0.8125, 0.63671875, 0.20703125, 0.203125, 0.47265625 ]
                }
            },
            "13": {
                "id": 13,
                "data": {
                    "device-parameters": [ 1.0, 0.1796875, 0.3046875, 0.58984375, 0.94140625, 0.47265625 ]
                }
            },
            "14": {
                "id": 14,
                "data": {
                    "device-parameters": [ 1.0, 0.4296875, 0.57421875, 0.171875, 0.2265625, 0.58203125 ]
                }
            },
            "15": {
                "id": 15,
                "data": {
                    "device-parameters": [ 1.0, 0.0, 0.421875, 0.01171875, 0.40625, 0.47265625 ]
                }
            },
            "16": {
                "id": 16,
                "data": {
                    "device-parameters": [ 1.0, 0.1875, 0.859375, 0.99609375, 1.0, 0.47265625 ]
                }
            }
        }
    }
}