{
    "pattrstorage": {
        "name": "device-dataset",
        "slots": {
            "1": {
                "id": 1,
                "data": {
                    "device-parameters": [ 1.0, 0.584971010684967, 0.392609566450119, 0.8994932770729065, 0.02792036160826683, 0.28662723302841187, 0.4663591682910919, 0.49043893814086914, 0.24182061851024628, 0.7601270079612732, 0.6811730861663818, 0.7620829939842224, 0.635628342628479, 0.6423827409744263, 0.29538214206695557, 0.18165042996406555, 0.0892452597618103, 0.4881552457809448, 0.1259823441505432, 0.21923787891864777, 0.0563846230506897, 0.6043121814727783, 0.9464094042778015, 0.8891386389732361, 0.34984925389289856, 0.383845716714859, 0.7358550429344177, 0.8319805860519409, 0.4479771554470062, 0.16987502574920654, 0.8868794441223145, 0.5377045273780823, 0.02696448378264904, 0.4187518358230591, 0.7157414555549622, 0.21451056003570557, 0.7518149614334106, 0.5344365835189819, 0.1298205703496933, 0.42967233061790466, 0.15330573916435242, 0.88568514585495, 0.8499128222465515, 0.9313076138496399, 0.40957111120224, 0.027872350066900253, 0.2507871389389038, 0.30097559094429016, 0.6482166051864624, 0.6427933573722839, 0.6099355220794678, 0.6767193078994751, 0.28239867091178894, 0.6057131886482239, 0.8297476768493652, 0.17242737114429474, 0.04374205321073532, 0.28655296564102173, 0.3726498484611511, 0.5121932029724121, 0.6189751625061035, 0.722419798374176 ]
                }
            },
            "2": {
                "id": 2,
                "data": {
                    "device-parameters": [ 1.0, 0.6039759516716003, 0.6241106390953064, 0.9113157391548157, 0.17956306040287018, 0.7657198905944824, 0.3657453656196594, 0.721920371055603, 0.19768314063549042, 0.3299696743488312, 0.7396211624145508, 0.5569812655448914, 0.27959057688713074, 0.7187712788581848, 0.3433086574077606, 0.9509086012840271, 0.1439732015132904, 0.33135753870010376, 0.5475451946258545, 0.12421517819166183, 0.16227708756923676, 0.7572166323661804, 0.08260771632194519, 0.42075762152671814, 0.8568167686462402, 0.11292371153831482, 0.4484621286392212, 0.4341060221195221, 0.3784724771976471, 0.9935038685798645, 0.038753412663936615, 0.9721841216087341, 0.43009036779403687, 0.5411372184753418, 0.037331972271203995, 0.6065959334373474, 0.5127648711204529, 0.5666883587837219, 0.43680858612060547, 0.09178061038255692, 0.5223029255867004, 0.3768029510974884, 0.7859272360801697, 0.013942847959697247, 0.2554074227809906, 0.2292858213186264, 0.184845432639122, 0.3829130530357361, 0.438741534948349, 0.8532342910766602, 0.21392089128494263, 0.5263140797615051, 0.9839380979537964, 0.8467634916305542, 0.15350818634033203, 0.07334712892770767, 0.7022270560264587, 0.2171105295419693, 0.4913165867328644, 0.025690581649541855, 0.13425979018211365, 0.5858966708183289 ]
                }
            },
            "3": {
                "id": 3,
                "data": {
                    "device-parameters": [ 1.0, 0.49780699610710144, 0.4031045138835907, 0.4361708462238312, 0.04636137932538986, 0.04014922305941582, 0.5149896144866943, 0.5906360149383545, 0.5784077644348145, 0.8466001152992249, 0.08542661368846893, 0.273216187953949, 0.34007319808006287, 0.7474782466888428, 0.5007537603378296, 0.5093058943748474, 0.15630179643630981, 0.5371063351631165, 0.5910629630088806, 0.5669368505477905, 0.08981943875551224, 0.3920776844024658, 0.7759990096092224, 0.20683760941028595, 0.2685632109642029, 0.9457961916923523, 0.6751893758773804, 0.30121755599975586, 0.6653898358345032, 0.07242415845394135, 0.5277594923973083, 0.5534607172012329, 0.26563364267349243, 0.24836289882659912, 0.021320559084415436, 0.2022678554058075, 0.305161714553833, 0.6468167901039124, 0.7731821537017822, 0.8216935396194458, 0.9572040438652039, 0.6952006816864014, 0.6631424427032471, 0.5744987726211548, 0.7287718653678894, 0.14772912859916687, 0.8811341524124146, 0.30414387583732605, 0.937974750995636, 0.4860161542892456, 0.37968069314956665, 0.6807655096054077, 0.4048129618167877, 0.044693928211927414, 0.5816671848297119, 0.05698804929852486, 0.10260229557752609, 0.12087386101484299, 0.9301281571388245, 0.48550382256507874, 0.9284931421279907, 0.7367182374000549 ]
                }
            },
            "4": {
                "id": 4,
                "data": {
                    "device-parameters": [ 1.0, 0.4425578713417053, 0.4974637031555176, 0.19385142624378204, 0.22069472074508667, 0.6690441966056824, 0.5356938242912292, 0.27361053228378296, 0.95877605676651, 0.6184977889060974, 0.34721532464027405, 0.25592657923698425, 0.8591065406799316, 0.8384865522384644, 0.35745686292648315, 0.14911802113056183, 0.90852290391922, 0.3855988383293152, 0.13149020075798035, 0.18114407360553741, 0.4822862148284912, 0.6886841058731079, 0.5505059957504272, 0.80977863073349, 0.27984166145324707, 0.9716638326644897, 0.377202570438385, 0.40333208441734314, 0.919579267501831, 0.7975898385047913, 0.6686519980430603, 0.39013662934303284, 0.8030110001564026, 0.24902023375034332, 0.3518044054508209, 0.3636114299297333, 0.7647867202758789, 0.7563762068748474, 0.5392953157424927, 0.4301062822341919, 0.16124382615089417, 0.5879815816879272, 0.4451887011528015, 0.13282489776611328, 0.15629541873931885, 0.048465266823768616, 0.13283365964889526, 0.2458777278661728, 0.17275536060333252, 0.5851821303367615, 0.3664817810058594, 0.14862677454948425, 0.7289220690727234, 0.4197550117969513, 0.6572445034980774, 0.19527272880077362, 0.3205307424068451, 0.2388332635164261, 0.0698322206735611, 0.4094443917274475, 0.7937178015708923, 0.43746933341026306 ]
                }
            },
            "5": {
                "id": 5,
                "data": {
                    "device-parameters": [ 1.0, 0.9502961039543152, 0.7583275437355042, 0.9165528416633606, 0.5128212571144104, 0.3495956361293793, 0.8028726577758789, 0.2612133324146271, 0.711247444152832, 0.8152871131896973, 0.26442384719848633, 0.4071365296840668, 0.7288050055503845, 0.6061011552810669, 0.6026987433433533, 0.19390451908111572, 0.6463990211486816, 0.32156863808631897, 0.8152357935905457, 0.1622541844844818, 0.5859922766685486, 0.4000419080257416, 0.21282576024532318, 0.2561306953430176, 0.37356969714164734, 0.6681146025657654, 0.36748966574668884, 0.44446995854377747, 0.18793746829032898, 0.05969202145934105, 0.21494267880916595, 0.4728545546531677, 0.12230184674263, 0.5189381241798401, 0.8245306015014648, 0.39916640520095825, 0.9941139221191406, 0.9501463174819946, 0.16588722169399261, 0.5763731002807617, 0.9141678810119629, 0.7036629915237427, 0.35965994000434875, 0.8137945532798767, 0.23021641373634338, 0.8840115070343018, 0.2967160940170288, 0.7429136633872986, 0.09679003804922104, 0.502403736114502, 0.6707185506820679, 0.8646088242530823, 0.2180517017841339, 0.867669403553009, 0.29534265398979187, 0.3867558240890503, 0.5921287536621094, 0.4795873463153839, 0.20376071333885193, 0.6961400508880615, 0.33335813879966736, 0.9631577134132385 ]
                }
            },
            "6": {
                "id": 6,