{
    "pattrstorage": {
        "name": "device-dataset",
        "slots": {
            "1": {
                "id": 1,
                "data": {
                    "device-parameters": [ 1.0, 0.18110236525535583, 1.0, 0.22047246992588043, 0.5039370656013489, 0.4330708682537079, 0.25984254479408264, 1.0, 0.20472441613674164, 0.007874016650021076, 0.4251968264579773, 0.25984254479408264, 0.8267716765403748, 1.0, 0.33858272433280945, 0.45669296383857727, 0.4251968562602997, 0.5669291615486145, 0.6456693410873413, 1.0, 0.0, 0.0, 0.690000057220459, 0.7716535925865173, 0.24409449100494385 ]
                }
            },
            "2": {
                "id": 2,
                "data": {
                    "device-parameters": [ 1.0, 0.6771653890609741, 0.16535434126853943, 0.22047246992588043, 0.12598425149917603, 0.6929134130477905, 0.18110236525535583, 0.3622047007083893, 0.7007874250411987, 0.38582679629325867, 1.0, 1.0, 1.0, 0.9921259880065918, 0.7716535925865173, 0.8818898797035217, 0.5433071255683899, 0.33070868253707886, 0.8503937125205994, 0.29133859276771545, 0.4094488322734833, 0.33070865273475647, 0.8100000023841858, 0.5275591015815735, 0.25196853280067444 ]
                }
            },
            "3": {
                "id": 3,
                "data": {
                    "device-parameters": [ 1.0, 0.6850394010543823, 0.9685039520263672, 0.33858269453048706, 0.31496065855026245, 0.7559055685997009, 0.5118110775947571, 0.6220472455024719, 0.20472441613674164, 0.007874016650021076, 0.34645670652389526, 0.16535434126853943, 0.33858269453048706, 0.7952756285667419, 0.33858272433280945, 0.04724409803748131, 0.18897639214992523, 0.18110236525535583, 0.6062992215156555, 0.5354331135749817, 0.0, 0.0, 0.690000057220459, 0.34645670652389526, 0.15748032927513123 ]
                }
            },
            "4": {
                "id": 4,
                "data": {
                    "device-parameters": [ 1.0, 0.16535434126853943, 0.9448819160461426, 0.8503937125205994, 0.25984254479408264, 1.0, 0.5039370656013489, 0.3385826647281647, 0.04724409803748131, 0.7795276045799255, 0.34645670652389526, 1.0, 0.8582677245140076, 0.7952756285667419, 0.33858272433280945, 0.5039370656013489, 0.18897639214992523, 0.18110236525535583, 0.6062992215156555, 0.5354331135749817, 0.0, 0.0, 0.690000057220459, 0.34645670652389526, 0.15748032927513123 ]
                }
            },
            "5": {
                "id": 5,
                "data": {
                    "device-parameters": [ 1.0, 0.6377953290939331, 1.0, 0.015748023986816406, 0.32283464074134827, 0.834645688533783, 0.7007874250411987, 0.4960629940032959, 0.20472441613674164, 0.0, 1.0, 0.0, 0.3700787425041199, 0.9291338920593262, 0.33858272433280945, 0.4015748202800751, 0.18897639214992523, 0.18110236525535583, 0.6062992215156555, 0.5354331135749817, 0.12598426640033722, 0.33070865273475647, 0.690000057220459, 0.34645670652389526, 0.19685040414333344 ]
                }
            },
            "6": {
                "id": 6,
                "data": {
                    "device-parameters": [ 1.0, 0.834645688533783, 0.7795276045799255, 0.30708661675453186, 0.12598425149917603, 0.6929134130477905, 0.834645688533783, 0.6299213171005249, 0.10236220806837082, 0.0, 0.15748032927513123, 0.15748032927513123, 0.5039370656013489, 1.0, 1.0, 0.4330708682537079, 0.18897639214992523, 1.0, 0.33070868253707886, 0.5354331135749817, 0.0, 0.0, 0.25, 0.26771655678749084, 0.5196850895881653 ]
                }
            },
            "7": {
                "id": 7,
                "data": {
                    "device-parameters": [ 1.0, 0.15748032927513123, 0.9448819160461426, 0.14173227548599243, 0.4251968264579773, 0.6850394010543823, 0.7874016165733337, 0.4960629940032959, 0.20472441613674164, 0.0, 1.0, 0.0, 0.4960629940032959, 0.9448819160461426, 0.5275591015815735, 0.4330708682537079, 0.18897639214992523, 1.0, 0.6062992215156555, 0.33858269453048706, 0.0, 0.0, 0.25, 0.34645670652389526, 0.5196850895881653 ]
                }
            },
            "8": {
                "id": 8,
                "data": {
                    "device-parameters": [ 1.0, 0.6692913770675659, 0.9291338920593262, 0.5039370656013489, 0.44094493985176086, 0.18897640705108643, 0.17322835326194763, 0.5039370656013489, 0.0, 0.7559055685997009, 0.5039370656013489, 0.5039370656013489, 0.25196853280067444, 0.9055118560791016, 0.5275591015815735, 0.4330708682537079, 0.18897639214992523, 1.0, 0.6062992215156555, 0.33858269453048706, 0.0, 0.0, 0.25, 0.34645670652389526, 0.5196850895881653 ]
                }
            },
            "9": {
                "id": 9,
                "data": {
                    "device-parameters": [ 1.0, 0.834645688533783, 0.7322834730148315, 0.30708661675453186, 0.0, 0.7559055685997009, 0.921259880065918, 0.5905511975288391, 0.11811024695634842, 0.0, 0.25196853280067444, 0.7559055685997009, 0.5039370656013489, 0.9685039520263672, 1.0, 0.5669291615486145, 0.18897639214992523, 1.0, 0.6062992215156555, 0.33858269453048706, 0.0, 0.0, 0.25, 0.34645670652389526, 0.5196850895881653 ]
                }
            },
            "10": {
                "id": 10,
                "data": {
                    "device-parameters": [ 1.0, 0.4251968562602997, 0.9842519760131836, 0.20472444593906403, 0.5118110775947571, 0.33858269453048706, 0.4645669162273407, 0.25984254479408264, 0.29133859276771545, 0.7716535925865173, 0.4960629940032959, 0.9133858680725098, 0.5039370656013489, 0.9291338920593262, 0.5826771855354309, 0.5669291615486145, 0.18897639214992523, 1.0, 0.8425197005271912, 0.33858269453048706, 0.0, 0.0, 0.690000057220459, 0.34645670652389526, 0.31496065855026245 ]
                }
            },
            "11": {
                "id": 11,
                "data": {
                    "device-parameters": [ 1.0, 0.4960629642009735, 1.0, 0.5590551495552063, 0.8188976645469666, 0.6141732335090637, 0.18897639214992523, 1.0, 0.0, 0.0, 0.33858269453048706, 0.5984252095222473, 0.5039370656013489, 0.9133858680725098, 1.0, 0.6771653890609741, 0.18897639214992523, 1.0, 0.22047245502471924, 1.0, 0.0, 0.0, 0.25, 0.34645670652389526, 0.5196850895881653 ]
                }
            },
            "12": {
                "id": 12,
                "data": {
                    "device-parameters": [ 1.0, 0.35433071851730347, 1.0, 0.17322832345962524, 0.29921263456344604, 0.8110236525535583, 0.8188976645469666, 0.8582677245140076, 0.0, 0.38582679629325867, 0.20472440123558044, 0.8188976645469666, 1.0, 0.921259880065918, 0.8740156888961792, 0.5039370656013489, 0.6456693410873413, 0.18897639214992523, 0.4881889820098877, 0.7401574850082397, 0.32283464074134827, 0.25984254479408264, 0.04999999329447746, 0.6062992215156555, 0.6614173650741577 ]
                }
            },
            "13": {
                "id": 13,
                "data": {
                    "device-parameters": [ 1.0, 0.7874016165733337, 1.0, 0.29133859276771545, 0.27559056878089905, 0.4566929340362549, 0.0, 0.7637795805931091, 0.0, 0.06299213320016861, 0.4960629940032959, 0.5354331135749817, 0.21259842813014984, 0.9842519760131836, 0.6535433530807495, 0.4094488322734833, 0.33858269453048706, 0.8661417365074158, 0.4409449100494385, 0.5826771855354309, 0.39370080828666687, 0.7086613774299622, 0.27000001072883606, 0.24409449100494385, 0.9370079040527344 ]
                }
            },
            "14": {
                "id": 14,