{
    "pattrstorage": {
        "name": "device-dataset",
        "slots": {
            "1": {
                "id": 1,
                "data": {
                    "device-parameters": [ 1.0, 0.5, 0.5, 0.0, 0.47234049439430237, 0.26041666666666663, 0.5625, 0.609375, 0.0, 0.341269850730896, 0.230158731341362, 0.2063492089509964, 0.1587301641702652, 0.1093750074505806, 0.9608125686645508, 0.3333333333333333, 0.515625, 0.4533730447292328, 0.6507936716079712, 0.0 ]
                }
            },
            "2": {
                "id": 2,
                "data": {
                    "device-parameters": [ 1.0, 0.5, 0.5, 0.0, 0.5984413623809814, 0.59375, 0.75, 0.3199999928474426, 0.0, 0.7220650911331177, 0.46000000834465027, 0.4399999976158142, 0.29417333006858826, 0.0, 1.0, 0.3333333333333333, 0.468069463968277, 0.5337499976158142, 0.3499999940395355, 0.0 ]
                }
            },
            "3": {
                "id": 3,
                "data": {
                    "device-parameters": [ 1.0, 0.5, 0.5, 0.0, 0.47234049439430237, 0.46875, 0.5729166865348816, 0.5, 0.0, 1.0, 0.5899999737739563, 0.3650793731212616, 0.21516823768615723, 0.7109375, 1.0, 0.6666666666666666, 0.0, 0.3541666567325592, 0.5, 0.0 ]
                }
            },
            "4": {
                "id": 4,
                "data": {
                    "device-parameters": [ 1.0, 0.5, 0.5, 0.0, 0.47234049439430237, 0.5, 0.4651249349117279, 0.5078125, 0.0, 0.3888888955116272, 0.5476190447807312, 0.5, 0.5952380895614624, 0.018600039184093475, 0.25, 0.6666666666666666, 0.6015625, 0.4375, 0.5, 0.0 ]
                }
            },
            "5": {
                "id": 5,
                "data": {
                    "device-parameters": [ 1.0, 0.5, 0.5, 0.0, 0.4026646316051483, 0.59375, 0.875, 1.0, 0.0, 0.40504711866378784, 0.2800000011920929, 0.5079365372657776, 0.030000006780028343, 0.09718754142522812, 1.0, 0.3333333333333333, 0.59375, 0.30158731341362, 0.6000000238418579, 0.0 ]
                }
            },
            "6": {
                "id": 6,
                "data": {
                    "device-parameters": [ 1.0, 0.5, 0.5, 0.0, 0.47234049439430237, 0.59375, 0.625, 0.5, 0.0, 0.6349206566810608, 0.095238097012043, 0.15079365670681, 0.6594793796539307, 0.4296875, 1.0, 1.0, 0.27831578254699707, 0.3924999535083771, 0.5, 0.0 ]
                }
            },
            "7": {
                "id": 7,
                "data": {
                    "device-parameters": [ 1.0, 0.625, 0.4107142857142857, 0.20706652104854584, 0.7468448877334595, 0.9270833333333333, 0.37011852860450745, 0.9699952602386475, 1.0, 0.5559669733047485, 0.8534715175628662, 0.8683660626411438, 0.542248010635376, 0.9495988488197327, 0.5185783505439758, 0.3333333333333333, 0.8730877041816711, 0.6799197196960449, 0.5, 1.0 ]
                }
            },
            "8": {
                "id": 8,
                "data": {
                    "device-parameters": [ 1.0, 0.9583333333333333, 0.5, 0.6826677322387695, 0.39707908034324646, 0.40625, 0.20937247574329376, 0.6043722033500671, 1.0, 0.7528948187828064, 0.9975913166999817, 0.5716211795806885, 0.03552419692277908, 0.8458943367004395, 0.2161906361579895, 0.3333333333333333, 0.7739832401275635, 0.9990513324737549, 0.5, 1.0 ]
                }
            }
        }
    }
}