{
    "pattrstorage": {
        "name": "input-dataset",
        "slots": {
            "1": {
                "id": 1,
                "data": {
                    "input-parameters": [ 1.1078249144702568e-06, 0.4042648375034332, 0.29701972007751465, 0.0016282114665955305, 0.008348322473466396, 0.009726573713123798, 1.4459823432844132e-05, 7.823548031637984e-08, 5.006937158213987e-07, 0.10038914531469345, 0.027865638956427574, 0.41306954622268677, 0.4259223937988281, 0.01158023439347744, 0.12612023949623108, 0.21172432601451874, 0.03961782902479172, 0.013730445876717567, 0.013299090787768364, 0.20928573608398438, 0.11285185068845749, 0.009387710131704807, 0.01691356487572193, 0.0, 1.3253817087388597e-05, 0.0063697416335344315, 0.02680218406021595, 1.8497512428439222e-05, 0.0029029950965195894, 0.006656859070062637, 0.0029589803889393806, 0.00046412143274210393, 0.0007916601607576013, 9.169043914880604e-05, 0.0033902404829859734, 0.0002477701928000897, 0.00017912410839926451, 0.06942183524370193, 0.05467712879180908, 0.015173870138823986, 0.00031391798984259367, 0.41546350717544556, 0.3178161084651947, 0.10517938435077667, 0.002523192437365651, 1.937896195158828e-05, 9.449438948649913e-06, 0.0002754064043983817, 0.0006652944721281528, 8.045491995289922e-06, 8.069573596003465e-06, 2.5468088438174163e-07, 7.421631380566396e-07 ],
                    "input-min": [ 0.0 ],
                    "input-max": [ 1.0 ]
                }
            },
            "2": {
                "id": 2,
                "data": {
                    "input-parameters": [ 3.026622380275512e-06, 0.04432258382439613, 0.04143533110618591, 0.08488138765096664, 0.09806309640407562, 0.10396600514650345, 0.0005607970524579287, 1.6574186929574353e-06, 3.2656339499226306e-06, 0.2097070813179016, 0.13256597518920898, 0.5214636325836182, 0.5097635984420776, 0.0954960435628891, 0.03473849222064018, 0.0632077008485794, 0.13931329548358917, 0.014643137343227863, 0.014571016654372215, 0.23462146520614624, 0.2260468304157257, 0.008332684636116028, 0.007991925813257694, 0.0, 0.003362247021868825, 0.00148814229760319, 0.013484896160662174, 4.282973168301396e-05, 0.0005094999796710908, 0.0062386090867221355, 0.013457019813358784, 0.0006522615440189838, 0.0006186508690007031, 0.004061853978782892, 0.0004396234580781311, 0.14542992413043976, 0.2487894892692566, 0.14744748175144196, 0.22630226612091064, 0.0010302313603460789, 0.0006441843579523265, 0.01094784401357174, 0.0880260095000267, 0.0020397943444550037, 0.003316099988296628, 0.8471428155899048, 0.8724346160888672, 0.08260641992092133, 0.17318886518478394, 0.4158930480480194, 0.5489019155502319, 2.0792406303371536e-06, 7.692748113186099e-06 ],
                    "input-min": [ 0.0 ],
                    "input-max": [ 1.0 ]
                }
            },
            "3": {
                "id": 3,
                "data": {
                    "input-parameters": [ 3.9716462651995244e-07, 0.0038950592279434204, 0.05539657175540924, 0.02216179482638836, 0.40499815344810486, 0.031276773661375046, 0.0009102324838750064, 8.749872222324484e-07, 1.0031136525867623e-06, 0.33876049518585205, 0.5682091116905212, 0.6390069723129272, 0.6580852270126343, 0.008325952105224133, 0.26024553179740906, 0.2804923355579376, 0.022163154557347298, 0.012887807562947273, 0.007490152958780527, 0.28089725971221924, 0.33597368001937866, 0.003966399468481541, 0.0005070554907433689, 0.0, 0.004147905390709639, 0.0038046620320528746, 0.2912173569202423, 0.0016712839715182781, 0.00020965526346117258, 0.004820819012820721, 0.0532042570412159, 0.008128071203827858, 0.008324692957103252, 0.023455554619431496, 2.936117016361095e-05, 0.8989858031272888, 0.8349559903144836, 0.0031635689083486795, 0.030445635318756104, 0.014476153068244457, 0.003962503280490637, 0.002597413957118988, 0.0016981433145701885, 0.0006274156039580703, 0.014630202203989029, 0.12352022528648376, 0.37388575077056885, 0.02881203405559063, 0.16171762347221375, 0.2054779827594757, 0.6771551966667175, 1.2966306712769438e-05, 4.24014069722034e-06 ],
                    "input-min": [ 0.0 ],
                    "input-max": [ 1.0 ]
                }
            },
            "4": {
                "id": 4,
                "data": {
                    "input-parameters": [ 1.2427021545136085e-07, 0.01012687012553215, 0.019805829972028732, 0.08389530330896378, 0.25022709369659424, 0.09566742181777954, 0.00011143449955852702, 2.4425756350865413e-07, 3.455101875715627e-07, 0.08063781261444092, 0.042490407824516296, 0.3164384663105011, 0.32350999116897583, 0.06244010105729103, 0.04006754979491234, 0.07492589205503464, 0.12184833735227585, 0.03261899948120117, 0.0275531318038702, 0.21972087025642395, 0.14156405627727509, 0.02220105566084385, 0.016265232115983963, 0.0, 0.0004194874782115221, 0.16277764737606049, 0.511462926864624, 0.00046556623419746757, 0.0011503821006044745, 0.007466365583240986, 0.055006254464387894, 5.96511090407148e-05, 6.09744165558368e-05, 0.03133237361907959, 0.0035969845484942198, 0.5188382863998413, 0.38151970505714417, 0.0008731525158509612, 0.0052451747469604015, 0.3649140000343323, 0.00021455973910633475, 0.011557154357433319, 0.024970440194010735, 0.0006894615944474936, 0.002104288898408413, 1.6706997485016473e-05, 1.3694982953893486e-05, 7.287490007001907e-05, 9.661494550528005e-05, 0.00020173451048322022, 0.0002919044636655599, 3.1853282962401863e-06, 1.6383544334530598e-06 ],
                    "input-min": [ 0.0 ],
                    "input-max": [ 1.0 ]
                }
            },
            "5": {
                "id": 5,
                "data": {
                    "input-parameters": [ 4.433794060787477e-07, 0.014533210545778275, 0.0013011428527534008, 0.1466718465089798, 0.14979146420955658, 0.43748265504837036, 0.00016828249499667436, 5.38302231234411e-07, 3.930874470370327e-07, 0.2526243031024933, 0.015418615192174911, 0.6937992572784424, 0.7090780735015869, 0.24034512042999268, 0.013964460231363773, 0.024511585012078285, 0.2385893166065216, 0.005169590003788471, 0.0053383223712444305, 0.3101465106010437, 0.04713616520166397, 0.007411607075482607, 0.03508888930082321, 0.0, 0.0013586507411673665, 0.16911433637142181, 0.08618516474962234, 5.1609886213555e-06, 0.0005788748967461288, 0.00048622547183185816, 0.0009190495475195348, 0.07832912355661392, 0.14336921274662018, 0.004556978587061167, 0.42570140957832336, 0.23740579187870026, 0.19368478655815125, 0.0016323194140568376, 0.011413777247071266, 0.005137914326041937, 2.6528720553642415e-08, 0.016604721546173096, 0.008188474923372269, 0.0015117136063054204, 0.00986582599580288, 0.0003071155515499413, 0.00021131154790055007, 0.002259070985019207, 0.07471565902233124, 0.017456315457820892, 0.006770426407456398, 2.6094462555192877e-06, 8.591315236117225e-06 ],
                    "input-min": [ 0.0 ],
                    "input-max": [ 1.0 ]
                }
            },
            "6": {
                "id": 6,