{
    "pattrstorage": {
        "name": "input-dataset",
        "slots": {
            "1": {
                "id": 1,
                "data": {
                    "input-parameters": [ -0.2202133483886719, 0.42539157104492187, 0.040205287933349654, -0.22405441284179684, -0.21366119384765625, 0.02193111419677729, -0.2554021911621094, 0.424163787841797, -0.02296567153930662, -0.04811019897460933, -0.20752227783203125, 0.33778591156005855, -0.27167669677734374, 0.39961160278320307, -0.03841464614868162, 0.03326232910156257, -0.08476135253906247, 0.41503078460693366, -0.27010244750976564, 0.3742511291503907, -0.03222962570190424, 0.025391082763671857, 0.042041015624999956, 0.3841056823730469, -0.279829833984375, 0.353053436279297, -0.013454689025878874, 0.07402801513671875, 0.14802947998046867, 0.29023099899291993 ]
                }
            },
            "2": {
                "id": 2,
                "data": {
                    "input-parameters": [ -0.060772697448730484, 0.3638482360839843, 0.013244244575500552, -0.17165916442871088, 0.21294265747070318, 0.16812364101409916, -0.04045307922363284, 0.4271366882324219, -0.0014133193492888996, -0.2732572555541992, -0.10349960327148433, 0.2414114606380462, -0.06414588928222653, 0.4487768554687501, -0.013397325515747016, -0.15479320526123042, -0.211700439453125, 0.3013314914703369, -0.08564811706542963, 0.45299639892578125, -0.010416042327880848, -0.04728206634521481, -0.2327981567382812, 0.2864250755310058, -0.12177082061767575, 0.441199188232422, -0.0014221050739288144, 0.13333145141601555, -0.17381210327148433, 0.24145538926124566 ]
                }
            },
            "3": {
                "id": 3,
                "data": {
                    "input-parameters": [ 0.08538327026367187, 0.3898753356933593, 0.011793333053588873, -0.22123918533325193, 0.18498626708984367, 0.15740151405334468, 0.08295115661621089, 0.4193913879394531, -0.010477041244506768, -0.20907861709594722, 0.037406005859375036, 0.26875338554382333, 0.06149659729003898, 0.44528533935546877, -0.03176421165466303, -0.1018058204650879, -0.0920637512207031, 0.37518923759460443, 0.03076422500610354, 0.44732672119140626, -0.02983514404296872, 0.051856040954589844, -0.10227066040039057, 0.36554389953613287, 0.0043975677490235565, 0.44394485473632805, -0.012151411056518513, 0.1836893272399902, -0.08536132812499997, 0.27712523460388194 ]
                }
            },
            "4": {
                "id": 4,
                "data": {
                    "input-parameters": [ 0.25078839111328133, 0.42789230346679696, 0.005577202796936076, -0.23057800292968744, -0.11860733032226556, -0.0208310794830322, 0.260863250732422, 0.41409606933593746, -0.015530813217163097, -0.2809523010253906, -0.04962615966796868, 0.08470900058746333, 0.23215246582031246, 0.4254915466308593, -0.07477042388916011, -0.13739837646484376, -0.10660354614257805, 0.38090705394744884, 0.24769119262695316, 0.38383816528320325, -0.025457359313964867, -0.21509201049804683, 0.10166336059570313, 0.1343417310714723, 0.2346425781250001, 0.36285025024414064, -0.01511182880401607, -0.14984893798828125, 0.20660293579101574, 0.08261407852172864 ]
                }
            },
            "5": {
                "id": 5,
                "data": {
                    "input-parameters": [ 0.3244765625000001, 0.2739376525878907, 0.008199409484863196, -0.24702835083007812, -0.09871292114257812, -0.08283803462982176, 0.33429559326171887, 0.2538439331054687, -0.02321099853515618, -0.2961235046386719, 0.0017556762695312145, 0.07421400547027601, 0.30507061767578136, 0.2674641418457031, -0.09346160125732417, -0.14999862670898434, -0.06634536743164066, 0.42546701908111584, 0.31710729980468755, 0.22539404296874999, -0.042257358551025415, -0.2101820373535156, 0.14400512695312506, 0.16944580554962152, 0.30018719482421874, 0.20660256958007817, -0.026450893402099607, -0.12558151245117188, 0.23796249389648438, 0.0904134798049927 ]
                }
            },
            "6": {
                "id": 6,
                "data": {
                    "input-parameters": [ 0.23091516113281263, 0.19716575622558596, -0.01751393127441403, -0.09281799316406247, 0.2982706451416015, 0.10244286894798282, 0.26729522705078135, 0.23052278137207027, -0.04342461776733397, -0.2747183227539063, 0.13148551940917974, 0.23199630141258232, 0.26135586547851575, 0.2559419403076173, -0.06286840057373044, -0.24502151489257806, 0.004389724731445277, 0.3292152154445649, 0.2308517150878906, 0.2734163818359374, -0.06865500640869138, -0.09250076293945309, -0.0829824829101562, 0.35814824461936956, 0.1960809020996095, 0.28159262084960934, -0.06553601837158196, 0.08135330200195323, -0.12386367797851561, 0.3425533044338227 ]
                }
            },
            "7": {
                "id": 7,
                "data": {
                    "input-parameters": [ 0.10037608337402348, 0.2024934997558594, -0.04358927536010737, -0.07540420532226566, 0.1751180267333985, 0.07608547210693373, 0.1453455657958984, 0.2514338073730469, -0.08118928527832026, -0.30025161743164064, -0.06958351135253904, 0.26408552169799804, 0.11075749969482418, 0.2599077148437501, -0.10092768859863277, -0.12731128692626947, -0.11195304870605471, 0.3627775382995606, 0.07545022583007821, 0.20922247314453135, -0.05765553665161127, 0.04922508239746093, 0.14147315979003916, 0.14641677856445323, 0.06741268920898436, 0.21417012023925786, -0.0432790336608887, 0.08941276550292976, 0.1167349243164062, 0.07453426361083992 ]
                }
            },
            "8": {
                "id": 8,
                "data": {
                    "input-parameters": [ -0.0477851943969726, 0.21376411437988274, -0.07922719573974613, -0.19729766845703123, 0.2264215850830078, -0.06340808868408199, -0.05262443542480466, 0.21788430786132817, -0.0950366744995117, -0.17310146331787113, 0.2058206176757813, 0.015639305114746094, -0.0605097274780273, 0.20606666564941412, -0.12982879638671874, -0.13367500305175783, 0.2649088287353516, 0.18959991455078118, -0.09500684356689448, 0.21013403320312496, -0.14910418701171868, 0.038810577392578205, 0.24457199096679694, 0.28597686767578123, -0.1349936218261718, 0.20654051208496105, -0.12367893981933586, 0.23874446868896482, 0.26253959655761716, 0.15885063171386715 ]
                }
            },
            "9": {
                "id": 9,
                "data": {
                    "input-parameters": [ -0.24855267333984377, 0.20502186584472648, -0.051440383911132814, -0.10590713500976556, 0.20424209594726572, -0.11479267120361325, -0.24054486083984372, 0.19121247863769542, -0.08260128021240232, -0.14594619750976556, 0.27328903198242194, 0.041011810302734375, -0.2487454833984375, 0.19138265991210934, -0.07063192749023439, -0.10494308471679681, 0.27243812561035163, -0.018834953308105473, -0.26415652465820316, 0.19658659362792963, -0.0661268539428711, -0.027887878417968692, 0.24641845703124998, -0.04136032104492182, -0.27854446411132816, 0.2064533233642578, -0.05627237319946288, 0.04405181884765619, 0.1970848083496095, -0.09063272476196282 ]
                }
            },
            "10": {
                "id": 10,
                "data": {
                    "input-parameters": [ -0.2192489624023437, 0.11803698730468759, -0.05899384689331055, -0.287337646484375, 0.11074272155761711, 0.12264225006103513, -0.23582943725585936, 0.19408876037597667, -0.08118089294433595, -0.2044352722167968, -0.26951614379882816, 0.2335774803161621, -0.25675122070312495, 0.1878245239257812, -0.09779534149169922, -0.09982635498046877, -0.23819496154785158, 0.31664972305297856, -0.26588067626953127, 0.16640983581542979, -0.09585763549804682, -0.054179077148437504, -0.13112152099609375, 0.3069611930847169, -0.2852746276855469, 0.14886999511718746, -0.0941681289672851, 0.04279067993164065, -0.04342231750488279, 0.2985136604309082 ]
                }
            },
            "11": {
                "id": 11,