{
    "pattrstorage": {
        "name": "input-dataset",
        "slots": {
            "1": {
                "id": 1,
                "data": {
                    "input-parameters": [ -0.3597930669784546, 0.2371891736984253, -0.14686142746779263, -0.42697417736053467, -0.04888570308685303, 0.1293635823425927, -0.3785240650177002, 0.12930530309677124, -0.02733645721461797, -0.34886646270751953, 0.33704710006713867, -0.22615384774177305, -0.4626373052597046, 0.29757869243621826, -0.09945759990771563, -0.5109823942184448, -0.013252735137939453, 0.13486492268126415, -0.47778773307800293, 0.17800968885421753, 0.013353157823451367, -0.4510153532028198, 0.40473759174346924, -0.17785361641507447, -0.7129733562469482, 0.17843127250671387, -0.15635913728831385, -0.6811020374298096, -0.055352210998535156, 0.028616522970132507, -0.7005099058151245, 0.08521014451980591, -0.10544419579793829, -0.721977710723877, 0.26644229888916016, -0.1861331478033681, -0.5611580610275269, 0.26931309700012207, -0.14207758600565912, -0.594109058380127, -0.01934945583343506, 0.09387358919949707, -0.5731525421142578, 0.16072165966033936, -0.05569202097440451, -0.548992395401001, 0.36699342727661133, -0.19645533740621945, -0.48853766918182373, -0.4047565460205078, -0.014235972429048949, -0.322748064994812, -0.11553072929382324, -0.1557288793254753, -0.3838740587234497, -0.2637898921966553, -0.09795549888513944, -0.2593543529510498, -0.004828214645385742, -0.19856620744055276 ]
                }
            },
            "2": {
                "id": 2,
                "data": {
                    "input-parameters": [ -0.4613415002822876, 0.3542330265045166, -0.0527961047488853, -0.5743062496185303, 0.050091445446014404, 0.0663843457724822, -0.5145987272262573, 0.24393975734710693, -0.033796313560836344, -0.4143996238708496, 0.42787647247314453, -0.05774137959907644, -0.363852858543396, 0.3238893747329712, -0.17790840391788287, -0.512423038482666, 0.009616613388061523, -0.05774137959907644, -0.4294954538345337, 0.2172793745994568, -0.16556758502645974, -0.3125789165496826, 0.3929521441459656, -0.17907538547192348, -0.22098875045776367, 0.030861377716064453, -0.28146762481698273, -0.3843435049057007, -0.14671695232391357, -0.19583393631694312, -0.280301570892334, -0.03517568111419678, -0.265486243376022, -0.1739490032196045, 0.09080982208251953, -0.28146762481698273, -0.2924438714981079, 0.21648460626602173, -0.2312125435614486, -0.44771456718444824, -0.05777180194854736, -0.14100561994545513, -0.350738525390625, 0.11525511741638184, -0.21733991712690814, -0.25224781036376953, 0.28750717639923096, -0.23724803081890156, -0.6337553262710571, -0.21457445621490479, 0.4685054599478291, -0.6084647178649902, 0.08130526542663574, 0.4736054660485727, -0.6242796182632446, -0.05287015438079834, 0.48434143290161247, -0.626596212387085, 0.18337851762771606, 0.4344232840731499 ]
                }
            },
            "3": {
                "id": 3,
                "data": {
                    "input-parameters": [ 0.039360761642456055, 0.14452660083770752, -0.2152625743993376, -0.10040414333343506, -0.008113861083984375, 0.20498019756420183, -0.027961134910583496, 0.11077076196670532, -0.03569344897818483, 0.09919160604476929, 0.16587954759597778, -0.31943657031293404, -0.010943770408630371, 0.20406240224838257, -0.3082999245706016, -0.1593155860900879, 0.022885501384735107, 0.11826458142726448, -0.08993971347808838, 0.20523017644882202, -0.15278910226666098, 0.0507853627204895, 0.15874576568603516, -0.3723418071682226, -0.14536190032958984, 0.08325880765914917, -0.32286915121101567, -0.2882063388824463, -0.01820838451385498, -0.12164285605823622, -0.21937251091003418, 0.08913135528564453, -0.26844843409079167, -0.08860981464385986, 0.0528641939163208, -0.34386263292260943, -0.07530057430267334, 0.15966153144836426, -0.310788399255275, -0.222817063331604, 0.01759183406829834, 0.0005559591038326595, -0.15820515155792236, 0.18358677625656128, -0.21859646472020766, -0.015581965446472168, 0.1047397255897522, -0.3378891633720218, -0.1914973258972168, -0.3211618661880493, 0.07922045520831023, -0.02257359027862549, -0.10886955261230469, -0.15070340661896875, -0.09345841407775879, -0.20060348510742188, -0.033023517196604235, 0.05401325225830078, -0.02598285675048828, -0.25179386348096455 ]
                }
            },
            "4": {
                "id": 4,
                "data": {
                    "input-parameters": [ 0.6488647758960724, 0.2539634108543396, 0.4124971130353212, 0.4357781410217285, 0.2111201286315918, 0.5127154117298174, 0.5645352005958557, 0.22351926565170288, 0.5367256129273494, 0.7113897502422333, 0.28742843866348267, 0.2981106347708964, 0.6399386525154114, 0.37048739194869995, 0.561313748861461, 0.4114203453063965, 0.31187915802001953, 0.6881776934856534, 0.5496018528938293, 0.33851051330566406, 0.781989145519066, 0.7163140177726746, 0.40648025274276733, 0.37674371703459664, 0.48578208684921265, 0.6143081784248352, 0.5711463796828813, 0.33501482009887695, 0.4859243631362915, 0.7317083612144613, 0.4238976240158081, 0.5657209753990173, 0.7061093597198964, 0.5444757044315338, 0.6536636054515839, 0.43750364923245266, 0.589719295501709, 0.47944921255111694, 0.5225195954440132, 0.3782816529273987, 0.39570021629333496, 0.7492312019258374, 0.5073376595973969, 0.44606244564056396, 0.7611808008130119, 0.6599088311195374, 0.5080313384532928, 0.33108715028385305, 0.22133034467697144, 0.20023906230926514, -0.15743598631011324, 0.4667111039161682, 0.1967848539352417, -0.3285812007036807, 0.3500153422355652, 0.18090200424194336, -0.25627025366122225, 0.5882973670959473, 0.1909998655319214, -0.3892936076021475 ]
                }
            },
            "5": {
                "id": 5,
                "data": {
                    "input-parameters": [ 0.753173902630806, -0.2545284032821655, -0.029846426806733106, 0.48379456996917725, -0.31361424922943115, 0.07421705465447692, 0.6525324583053589, -0.2614487409591675, -0.00694368805876644, 0.8272997736930847, -0.26259660720825195, -0.04380910935222615, 0.8257790207862854, -0.38845324516296387, -0.1290796605357588, 0.523449182510376, -0.4329984188079834, -0.014756554603674865, 0.712852269411087, -0.3887295722961426, -0.10072633326340896, 0.9057429730892181, -0.3955566883087158, -0.14614919031384377, 0.7408120632171631, -0.7704987525939941, -0.2319281531536923, 0.5094944834709167, -0.6976737976074219, -0.11621178643981966, 0.6537160873413086, -0.7413473129272461, -0.19894777696697852, 0.8153059482574463, -0.7861964702606201, -0.24255379282663436, 0.8190865516662598, -0.550372838973999, -0.196409153303012, 0.5306159257888794, -0.5650253295898438, -0.07606612723897699, 0.7117524743080139, -0.5527456998825073, -0.1524951949183213, 0.8970056474208832, -0.5503972768783569, -0.2264129586673842, 0.24041414260864258, -0.3878680467605591, 0.35853158641374927, 0.4382944703102112, -0.198569655418396, 0.33618117023009675, 0.33225154876708984, -0.28211474418640137, 0.3523183944641415, 0.4998864531517029, -0.11919105052947998, 0.3011379040555271 ]
                }
            },
            "6": {
                "id": 6,