{
    "pattrstorage": {
        "name": "input-dataset",
        "slots": {
            "1": {
                "id": 1,
                "data": {
                    "input-parameters": [ 0.0, 0.0, 0.0, 0.0, 0.0, 0.0, 0.0, 0.0, 0.0, 0.0 ]
                }
            },
            "2": {
                "id": 2,
                "data": {
                    "input-parameters": [ 0.31631097197532654, 0.0, 0.0, 0.0, 0.0, 0.3968420922756195, 0.0, 0.0, 0.0, 0.0 ]
                }
            },
            "3": {
                "id": 3,
                "data": {
                    "input-parameters": [ 0.8025914430618286, 0.0, 0.0, 0.0, 0.0, 0.22315789759159088, 0.0, 0.0, 0.0, 0.0 ]
                }
            },
            "4": {
                "id": 4,
                "data": {
                    "input-parameters": [ 0.4298780560493469, 0.0, 0.0, 0.0, 0.0, 0.8684210777282715, 0.0, 0.0, 0.0, 0.0 ]
                }
            },
            "5": {
                "id": 5,
                "data": {
                    "input-parameters": [ 0.7339938879013062, 0.2736280560493469, 0.0, 0.0, 0.0, 0.5421052575111389, 0.3947368562221527, 0.0, 0.0, 0.0 ]
                }
            },
            "6": {
                "id": 6,
                "data": {
                    "input-parameters": [ 0.5609756112098694, 0.48551830649375916, 0.0, 0.0, 0.0, 0.917894721031189, 0.16631579399108887, 0.0, 0.0, 0.0 ]
                }
            },
            "7": {
                "id": 7,
                "data": {
                    "input-parameters": [ 0.7393292784690857, 0.6570122241973877, 0.3315548896789551, 0.0, 0.0, 0.7599999904632568, 0.7294737100601196, 0.17157894372940063, 0.0, 0.0 ]
                }
            },
            "8": {
                "id": 8,
                "data": {
                    "input-parameters": [ 0.84375, 0.5792682766914368, 0.365091472864151, 0.0, 0.0, 0.7515789270401001, 0.2936842143535614, 0.10842105001211166, 0.0, 0.0 ]
                }
            },
            "9": {
                "id": 9,
                "data": {
                    "input-parameters": [ 0.7126524448394775, 0.6692073345184326, 0.5564024448394775, 0.29496949911117554, 0.0, 0.6200000047683716, 0.5315789580345154, 0.44105264544487, 0.18842105567455292, 0.0 ]
                }
            },
            "10": {
                "id": 10,
                "data": {
                    "input-parameters": [ 0.7797256112098694, 0.5769817233085632, 0.490091472864151, 0.3940548896789551, 0.0, 0.7294737100601196, 0.7178947329521179, 0.5747368335723877, 0.24315789341926575, 0.0 ]
                }
            },
            "11": {
                "id": 11,
                "data": {
                    "input-parameters": [ 0.8132622241973877, 0.644817054271698, 0.5884146094322205, 0.46417683362960815, 0.28582316637039185, 0.7989473938941956, 0.7473683953285217, 0.5915789604187012, 0.43473684787750244, 0.1178947389125824 ]
                }
            },
            "12": {
                "id": 12,
                "data": {
                    "input-parameters": [ 0.6044207215309143, 0.5144817233085632, 0.5076219439506531, 0.21875, 0.10746951401233673, 0.7757894992828369, 0.6589473485946655, 0.4273684322834015, 0.3947368562221527, 0.13789473474025726 ]
                }
            }
        }
    }
}