{
    "pattrstorage": {
        "name": "device-dataset",
        "slots": {
            "1": {
                "id": 1,
                "data": {
                    "device-parameters": [ 1.0, 0.5, 0.5, 0.5, 0.5, 0.4763779528439045, 0.5, 0.468503937125206, 0.5, 0.9210526315789473, 0.9210526315789473, 0.0, 0.0, 0.1, 0.0, 0.5622252558375973, 0.75, 0.41115587603543396, 0.0, 0.8949851048620123 ]
                }
            },
            "2": {
                "id": 2,
                "data": {
                    "device-parameters": [ 1.0, 0.5, 0.3582677096128464, 0.578740157186985, 0.4291338548064232, 0.4133858233690262, 0.4133858233690262, 0.468503937125206, 0.21259841322898865, 0.9210526315789473, 0.9210526315789473, 0.3475494384765625, 0.0, 0.1, 0.0, 0.5622252558375973, 0.75, 0.41115587603543396, 0.0, 0.8949851048620123 ]
                }
            },
            "3": {
                "id": 3,
                "data": {
                    "device-parameters": [ 1.0, 0.09842520952224731, 0.3582677096128464, 0.4133858233690262, 0.4291338548064232, 0.578740157186985, 0.7047244161367416, 0.7598425149917603, 0.5905511826276779, 0.9210526315789473, 0.9210526315789473, 0.7333938071602268, 0.0, 0.1, 0.0, 0.5622252558375973, 0.75, 0.41115587603543396, 0.0, 0.8949851048620123 ]
                }
            },
            "4": {
                "id": 4,
                "data": {
                    "device-parameters": [ 1.0, 0.28740157186985016, 0.7677165269851685, 0.4133858233690262, 0.4291338548064232, 0.12992125749588013, 0.562992125749588, 0.3976377919316292, 0.5905511826276779, 0.8110236243197791, 0.6345522278233579, 0.0, 0.700787393670333, 0.1, 0.0, 0.5622252558375973, 0.75, 0.41115587603543396, 0.0, 0.8949851048620123 ]
                }
            },
            "5": {
                "id": 5,
                "data": {
                    "device-parameters": [ 1.0, 0.09842520952224731, 0.6338582634925842, 0.13779526948928833, 0.4291338548064232, 0.12992125749588013, 0.20866140723228455, 0.6338582634925842, 0.22047245502471924, 0.9004136402355997, 0.8697151447597302, 0.34375120464124176, 0.3101224397358141, 0.1, 0.0, 0.5622252558375973, 0.75, 0.41115587603543396, 0.0, 0.8949851048620123 ]
                }
            },
            "6": {
                "id": 6,
                "data": {
                    "device-parameters": [ 1.0, 0.8307086527347565, 0.6417322903871536, 0.6811023652553558, 0.4291338548064232, 0.011811017990112305, 0.4488188959658146, 0.405511811375618, 0.6220472455024719, 0.8697327375411987, 0.8105388315100418, 0.4819804743716591, 0.3101224397358141, 0.1, 0.0, 0.5622252558375973, 0.75, 0.41115587603543396, 0.0, 0.8949851048620123 ]
                }
            },
            "7": {
                "id": 7,
                "data": {
                    "device-parameters": [ 1.0, 0.8307086527347565, 0.6417322903871536, 0.6811023652553558, 0.4291338548064232, 0.011811017990112305, 0.4488188959658146, 0.25590550899505615, 0.3543307036161423, 0.8697327375411987, 0.8105388315100418, 0.4819804743716591, 0.3101224397358141, 0.1, 0.0, 0.332248180698845, 0.5245098114013672, 0.3961919222091202, 1.0, 0.8949851048620123 ]
                }
            },
            "8": {
                "id": 8,
                "data": {
                    "device-parameters": [ 1.0, 0.8307086527347565, 0.452755905687809, 0.21653541922569275, 0.4291338548064232, 0.24803149700164795, 0.4488188959658146, 0.25590550899505615, 0.3543307036161423, 0.7108820990512246, 0.8843880233011747, 0.47790467111687907, 0.5455101665697599, 0.1, 0.0, 0.45786586677486296, 0.7119808197021484, 0.5314574904373407, 0.0, 0.8949851048620123 ]
                }
            },
            "9": {
                "id": 9,
                "data": {
                    "device-parameters": [ 1.0, 0.4778770264238119, 0.5047772563993931, 0.19349750876426697, 0.1690768003463745, 0.3906444311141968, 0.47690559178590775, 0.34374959766864777, 0.554950263351202, 0.4887617512753135, 0.32081112108732524, 0.4295477616159539, 0.7687232619837711, 0.5096387023925781, 0.0, 0.4509420534613077, 0.7016477966308594, 0.5240018974274572, 0.0, 0.8949851048620123 ]
                }
            },
            "10": {
                "id": 10,
                "data": {
                    "device-parameters": [ 1.0, 0.8009425699710846, 0.33733847737312317, 0.8035390079021454, 0.31440626084804535, 0.23589038848876953, 0.0032441020011901855, 0.3496674448251724, 0.6977841854095459, 0.5651262935839201, 0.22111400805021586, 0.7390673913453755, 0.11061583067241468, 0.14992231750488283, 0.0, 0.4509420534613077, 0.7016477966308594, 0.5240018974274572, 0.0, 0.8949851048620123 ]
                }
            },
            "11": {
                "id": 11,
                "data": {
                    "device-parameters": [ 1.0, 0.4694087393581867, 0.9571158289909363, 0.24437496066093445, 0.37672653794288635, 0.5215101409703493, 0.7144163548946381, 0.06918075680732727, 0.39310693740844727, 0.26055571907445, 0.1957685069033974, 0.7331514107553582, 0.5740660868192974, 0.5851749877929687, 0.0, 0.4509420534613077, 0.7016477966308594, 0.5240018974274572, 0.0, 0.8949851048620123 ]
                }
            },
            "12": {
                "id": 12,
                "data": {
                    "device-parameters": [ 1.0, 0.47016368992626667, 0.531530112028122, 0.09816518425941467, 0.07917821407318115, 0.6669782847166061, 0.6062485799193382, 0.20099538564682007, 0.6201453879475594, 0.3712066851164165, 0.8577829222930105, 0.6546712423625745, 0.4751991974680047, 0.17532958984375, 0.0, 0.4509420534613077, 0.7016477966308594, 0.5240018974274572, 0.0, 0.8949851048620123 ]
                }
            },
            "13": {
                "id": 13,
                "data": {
                    "device-parameters": [ 1.0, 0.4782335739582777, 0.7026578187942505, 0.8160349428653717, 0.9457798898220062, 0.45932628586888313, 0.23173141479492188, 0.20821216702461243, 0.5985326692461967, 0.5087878076653731, 0.8729933782627708, 0.772799065238551, 0.2373780200355931, 0.7077925415039062, 0.0, 0.320822111358106, 0.5055693817138672, 0.26189612925840433, 1.0, 0.8949851048620123 ]
                }
            },
            "14": {
                "id": 14,
                "data": {
                    "device-parameters": [ 1.0, 0.7430360615253448, 0.5081124678254128, 0.9401884078979492, 0.7958756387233734, 0.6113556921482086, 0.20495226979255676, 0.8950096666812897, 0.8336478173732758, 0.7989185609315571, 0.31175277107640315, 0.7222943305969238, 0.8000000777997468, 0.44791970825195315, 0.0, 0.5622252558375973, 0.7702752685546875, 0.41115587603543396, 0.0, 0.8949851048620123 ]
                }
            },
            "15": {
                "id": 15,
                "data": {
                    "device-parameters": [ 1.0, 0.2582067400217056, 0.8708484768867493, 0.8869294822216034, 0.2436653971672058, 0.9443136155605316, 0.45986392721533775, 0.01888871192932129, 0.5557834506034851, 0.733948971095838, 0.6337546549345318, 0.6820915121781198, 0.08989815962942023, 0.294699462890625, 0.0, 0.5622252558375973, 0.7702752685546875, 0.41115587603543396, 0.0, 0.8949851048620123 ]
                }
            },
            "16": {
                "id": 16,
                "data": {
                    "device-parameters": [ 1.0, 0.9589549899101257, 0.12354382872581482, 0.3583437651395798, 0.7386778146028519, 0.2784278839826584, 0.32364869117736816, 0.6963418126106262, 0.2279447317123413, 0.5466029016595138, 0.887926249127639, 0.0, 0.6742174750880191, 0.37546414184570315, 0.0, 0.5622252558375973, 0.7702752685546875, 0.41115587603543396, 0.0, 0.8949851048620123 ]
                }
            }
        }
    }
}