{
    "pattrstorage": {
        "name": "device-dataset",
        "slots": {
            "1": {
                "id": 1,
                "data": {
                    "device-parameters": [ 1.0, 0.5555555555555556, 0.5, 0.4426840841770172, 0.0, 0.0, 0.75, 0.0, 0.75, 0.0, 0.75, 0.0, 0.75, 0.5, 0.5, 0.5, 1.0, 0.0, 0.0390625, 0.0, 0.5, 0.7857142686843872, 0.359375, 1.0, 0.5, 0.46875, 0.0, 0.0, 0.3984375, 0.817460298538208, 0.0, 0.5, 1.0, 0.0, 0.0, 0.5, 0.5, 0.8062000274658203, 1.0, 0.3333333333333333, 0.3333333333333333, 0.5, 1.0, 0.484375, 0.5476190447807312, 0.5, 0.3515625, 0.0, 1.0, 0.5, 0.5, 0.5, 0.6640625, 1.0, 0.1111111111111111, 0.0, 0.5, 0.420634925365448, 0.5, 0.2063492089509964, 0.1484375, 0.7857142984867096, 0.8515625, 0.5, 0.5, 1.0, 0.0, 0.0, 0.0, 0.15625, 0.421875, 0.71875, 0.0, 0.0234375, 1.0, 0.6000000238418579, 1.0, 0.3125, 0.6746031641960144, 0.5, 0.6190476417541504, 0.65625, 0.8055555522441864, 0.5, 1.0, 0.0, 0.0, 0.0, 0.0, 0.0, 0.3671875, 0.248046875, 1.0, 0.8571428656578064, 0.265625, 1.0, 0.0, 0.17391304347826086, 1.0, 1.0, 0.5, 0.3730158805847168, 0.0, 0.0, 0.0, 1.0, 0.3333333333333333, 0.5, 0.0, 0.0, 0.5, 0.4126984179019928, 0.5, 0.3515625, 0.0, 0.0, 0.5, 0.5, 0.5, 0.6328125, 1.0, 0.1111111111111111, 0.0, 0.59375, 0.658730149269104, 0.5, 0.296875, 0.0, 0.65234375, 0.8984375, 0.5, 0.5, 1.0, 0.0, 0.0, 0.0, 0.0, 0.0, 0.7734375, 0.0, 0.0, 1.0, 0.359375, 1.0, 0.28125, 0.738095223903656, 0.5, 0.3333333432674408, 0.703125, 0.8373015820980072, 0.5, 1.0, 0.0, 0.0, 0.0, 0.0, 0.109375, 0.3671875, 0.248046875, 1.0, 1.0, 0.2578125, 1.0, 0.0, 0.13043478260869565, 1.0, 1.0, 0.5, 0.5, 0.0, 0.0, 0.0 ]
                }
            },
            "2": {
                "id": 2,
                "data": {
                    "device-parameters": [ 1.0, 0.3333333333333333, 0.5, 0.7063491940498352, 1.0, 0.021739130434782608, 0.5546875, 0.0, 0.75, 0.0, 0.75, 0.0, 0.75, 0.3333333333333333, 0.5, 0.5, 0.0, 0.0, 0.2265625, 0.0, 0.5, 0.8253968358039856, 0.3046875, 1.0, 0.484375, 0.4140625, 0.6190476417541504, 0.7063491940498352, 0.3984375, 0.738095223903656, 0.0, 0.453125, 1.0, 0.0, 1.0, 0.7777777910232544, 0.0, 0.296875, 1.0, 0.3333333333333333, 0.6666666666666666, 0.5, 0.0, 0.484375, 0.5, 0.5, 0.8650793433189392, 0.1796875, 1.0, 0.5, 0.5, 0.5, 0.7222222089767456, 1.0, 0.6666666666666666, 0.0, 0.7579365074634552, 0.3515625, 0.5, 0.2421875, 0.0, 0.6015625, 0.8531745970249176, 0.5, 1.0, 0.0, 0.3333333333333333, 0.0, 0.0, 0.0, 0.8333333134651184, 0.6111111044883728, 0.0, 1.0, 1.0, 0.658730149269104, 0.0, 0.5, 0.8571428656578064, 0.5, 0.6507936716079712, 0.5, 0.8571428656578064, 0.5078125, 1.0, 0.0, 0.0, 0.0, 0.5396825671195984, 0.5476190447807312, 0.3671875, 0.3984375, 1.0, 0.8571428656578064, 0.6746031641960144, 1.0, 1.0, 0.0, 0.0, 0.0, 0.5, 0.5555555820465088, 0.4140625, 0.125, 0.171875, 1.0, 0.3333333333333333, 0.6666666666666666, 0.5, 0.0, 0.21875, 0.6111111044883728, 0.5, 0.3828125, 0.0, 0.0, 0.32421875, 0.5, 0.5, 0.7777777910232544, 1.0, 0.6666666666666666, 0.0, 0.75, 0.7401574850082397, 0.671875, 0.3937007784843445, 0.0, 0.5, 0.1468254029750824, 0.5, 0.7777777910232544, 0.0, 0.0, 0.0, 0.0, 0.0, 0.6746031641960144, 0.7222222089767456, 0.0, 0.0, 1.0, 0.328125, 1.0, 0.5, 0.649118959903717, 0.55859375, 0.5158730149269104, 0.5, 0.5, 0.5, 1.0, 0.0, 0.0, 0.0, 0.0, 0.38834890723228455, 0.109375, 0.0, 1.0, 1.0, 0.717458188533783, 0.0, 1.0, 0.0, 0.0, 0.0, 0.5, 0.5555555820465088, 0.4140625, 0.125, 0.171875 ]
                }
            },
            "3": {
                "id": 3,
                "data": {
                    "device-parameters": [ 1.0, 0.4444444444444444, 0.5, 0.29593753814697266, 1.0, 0.0, 0.75, 0.0, 0.75, 0.0, 0.75, 0.0, 0.75, 0.6666666666666666, 0.5, 0.5, 1.0, 0.0, 0.023622047156095505, 0.0, 1.0, 0.5, 0.3515625, 0.0, 0.8125, 0.0, 0.140625, 0.0, 0.0, 0.0, 0.0, 1.0, 1.0, 0.0, 0.0, 1.0, 1.0, 0.4296875, 1.0, 0.3333333333333333, 0.8333333333333333, 0.5, 0.0, 0.9296875, 0.5278124809265137, 0.5, 0.3125, 0.834645688533783, 1.0, 0.5, 0.5, 0.5, 0.75, 1.0, 0.1111111111111111, 0.8333333333333333, 0.65625, 0.3650793731212616, 0.5, 0.261904776096344, 0.625, 0.5390625, 0.78125, 0.546875, 0.6796875, 1.0, 0.0, 0.0, 0.0, 0.0, 0.0078125, 0.8046875, 0.203125, 0.796875, 1.0, 0.9765625, 1.0, 0.5, 0.5546875, 0.5, 0.5, 0.5, 0.5, 0.5, 1.0, 0.0, 0.0, 0.0, 0.0, 0.0, 0.5142756700515747, 0.0, 0.0, 1.0, 0.0625, 1.0, 0.0, 0.5652173913043478, 0.0, 0.0, 0.5, 0.5317460298538208, 0.0, 0.0, 0.0, 1.0, 0.6666666666666666, 0.5, 0.0, 0.0, 0.9299362897872925, 0.49000000953674316, 0.5, 0.5, 1.0, 1.0, 0.5, 0.5, 0.5, 0.8203125, 1.0, 0.0, 0.8333333333333333, 0.78125, 0.261904776096344, 0.5, 0.3888888955116272, 0.0, 0.7421875, 0.8203125, 0.7109375, 0.75, 1.0, 0.0, 0.0, 0.0, 0.0, 0.0, 0.625, 0.0, 0.0, 1.0, 0.0, 1.0, 0.5, 0.761904776096344, 0.5, 0.5, 0.5, 0.5, 0.5, 1.0, 0.0, 0.0, 0.0, 0.0, 0.0, 0.625, 0.0, 0.9482758641242981, 1.0, 0.171875, 0.0, 1.0, 1.0, 0.0, 1.0, 0.5, 0.190476194024086, 0.0, 0.0, 0.0 ]
                }
            },
            "4": {
                "id": 4,
                "data": {
                    "device-parameters": [ 1.0, 0.0, 0.5, 0.5421459674835205, 1.0, 0.0, 0.75, 0.0, 0.75, 0.0, 0.75, 0.0, 0.75, 0.6666666666666666, 0.5, 0.5, 0.0, 0.0, 0.4296875, 0.0, 1.0, 0.5, 0.0, 0.0, 0.484375, 0.296875, 0.579365074634552, 0.0, 0.296875, 0.0, 0.0, 0.5158730149269104, 1.0, 0.0, 1.0, 1.0, 0.5, 0.4140625, 1.0, 0.6666666666666666, 0.5, 0.5, 0.0, 0.484375, 0.5, 0.5, 1.0, 0.8809523582458496, 1.0, 0.5, 0.5, 0.7738095223903656, 0.8015872836112976, 1.0, 0.1111111111111111, 0.0, 0.515625, 0.920634925365448, 0.5, 0.4765625, 1.0, 0.5, 0.1666666567325592, 0.5, 0.5, 1.0, 0.0, 0.0, 0.0, 0.0, 0.523809552192688, 0.0, 0.0, 1.0, 1.0, 0.7539682388305664, 0.0, 0.5, 0.6904761791229248, 0.5, 0.5, 0.5, 0.5, 0.5, 1.0, 0.0, 0.0, 0.0, 0.0, 0.0, 0.3671875, 0.0, 1.0, 1.0, 0.3671875, 1.0, 0.0, 0.0, 0.0, 0.0, 0.5, 0.7086614370346069, 0.0, 0.0, 0.0, 1.0, 0.3333333333333333, 0.3333333333333333, 0.5, 0.0, 0.34375, 0.5396825671195984, 0.5, 0.3515625, 0.0, 0.96875, 0.5, 0.5, 0.5, 0.7301587462425232, 1.0, 0.1111111111111111, 0.0, 0.74609375, 0.17052164673805237, 0.5, 0.4657972455024719, 1.0, 0.5, 0.8531745970249176, 0.5, 0.5, 1.0, 0.0, 0.0, 0.0, 0.0, 0.3359375, 0.5634920597076416, 0.0, 0.0, 0.484375, 0.7698412537574768, 1.0, 0.5, 0.6111111044883728, 0.5, 0.5, 0.5, 0.5, 0.5, 1.0, 0.0, 0.0, 0.0, 0.0, 0.0, 0.0, 0.0, 1.0, 1.0, 0.0, 1.0, 0.0, 0.0, 0.0, 0.0, 0.5, 0.5634920597076416, 0.0, 0.0, 0.0 ]
                }
            },
            "5": {
                "id": 5,