{
    "pattrstorage": {
        "name": "device-dataset",
        "slots": {
            "1": {
                "id": 1,
                "data": {
                    "device-parameters": [ 1.0, 0.0, 0.6478666067123413, 0.16666666666666666, 0.6666666666666666, 0.3333333333333333, 0.0808553695678711, 0.7613036036491394, 0.0, 0.3333333333333333, 0.4666666666666667, 0.6666666666666666, 0.36182254552841187, 1.0, 1.0, 0.009821207262575626, 0.1484289914369583, 1.0, 0.5, 0.5, 0.5, 0.0, 1.0, 0.02473125420510769, 0.017956439405679703, 0.0, 0.09648144990205765, 0.8270664811134338, 0.0, 0.545243501663208, 0.4372907876968384, 0.20223553478717804, 0.6688795685768127, 0.8, 0.6715694069862366, 1.0, 0.09523809523809523, 0.5500511527061462, 0.4450933039188385, 0.8022119402885437, 0.5197478532791138, 0.0, 0.39210233092308044, 0.49161309003829956, 0.0, 0.0, 0.3385693430900574, 0.7081515789031982, 0.0, 0.867415726184845, 0.7265921235084534, 0.7478718757629395, 0.7936508059501648 ]
                }
            },
            "2": {
                "id": 2,
                "data": {
                    "device-parameters": [ 1.0, 0.0, 0.20640192925930023, 0.16666666666666666, 0.3333333333333333, 0.6666666666666666, 0.47110629081726074, 0.3687106966972351, 0.0, 0.6666666666666666, 0.7333333333333333, 0.0, 0.17294283211231232, 0.0, 1.0, 0.40199851989746094, 0.7572100162506104, 1.0, 0.0, 0.5, 0.5, 0.0, 0.0, 0.7408447265625, 0.9935219883918762, 1.0, 0.17280979454517365, 0.591704249382019, 0.0, 0.9219768047332764, 0.5639771819114685, 0.55494624376297, 0.9151540994644165, 0.8, 0.12419740110635757, 0.0, 0.19047619047619047, 0.8680954575538635, 0.2848324477672577, 0.4722166657447815, 0.14265012741088867, 0.0, 0.10982963442802429, 0.05989610031247139, 0.5, 1.0, 0.95047926902771, 0.6411893963813782, 0.0, 0.1868147999048233, 0.7343154549598694, 0.656316339969635, 0.7936508059501648 ]
                }
            },
            "3": {
                "id": 3,
                "data": {
                    "device-parameters": [ 1.0, 1.0, 0.5857554078102112, 0.0, 0.4, 0.6666666666666666, 0.31165599822998047, 0.8445354700088501, 1.0, 0.6666666666666666, 0.8, 0.0, 0.8953225016593933, 0.0, 0.0, 0.8806015253067017, 0.261904776096344, 1.0, 0.0, 0.5, 0.5, 1.0, 1.0, 0.9093882441520691, 0.8648755550384521, 0.0, 0.15124568343162537, 0.6370280981063843, 0.0, 0.04298704117536545, 0.011078101582825184, 0.461459755897522, 0.7946670055389404, 0.6000000000000001, 0.18340972065925598, 1.0, 0.09523809523809523, 0.2350119948387146, 0.8895343542098999, 0.9984554052352905, 0.20596742630004883, 0.0, 0.2698412835597992, 0.9963945150375366, 1.0, 1.0, 0.08987247943878174, 0.1300049126148224, 1.0, 0.5560517907142639, 0.47777822613716125, 0.6828064918518066, 0.7936508059501648 ]
                }
            },
            "4": {
                "id": 4,
                "data": {
                    "device-parameters": [ 1.0, 0.0, 0.230158731341362, 0.8333333333333333, 0.26666666666666666, 0.6666666666666666, 0.035937536507844925, 0.9213225245475769, 1.0, 0.0, 0.3333333333333333, 0.6666666666666666, 0.6453857421875, 0.0, 1.0, 0.7871518731117249, 0.5317460298538208, 1.0, 0.5, 0.5, 0.5, 0.0, 0.0, 0.8101724982261658, 0.7391495704650879, 1.0, 0.33179014921188354, 0.8574104905128479, 0.0, 0.4812893569469452, 0.4240953326225281, 0.635910153388977, 0.5433932542800903, 0.4, 0.6782060265541077, 1.0, 0.9047619047619047, 0.45506900548934937, 0.11966485530138016, 0.2435440868139267, 0.667168915271759, 1.0, 0.2197597771883011, 0.07363976538181305, 0.5, 0.0, 0.9526686072349548, 0.40295687317848206, 0.0, 0.8409488201141357, 0.3145049214363098, 0.9772279262542725, 0.7936508059501648 ]
                }
            },
            "5": {
                "id": 5,
                "data": {
                    "device-parameters": [ 1.0, 0.0, 0.18897639214992523, 0.6666666666666666, 0.2, 0.6666666666666666, 0.2911114990711212, 0.23265321552753448, 1.0, 0.6666666666666666, 0.6, 0.3333333333333333, 0.3571140468120575, 1.0, 0.0, 0.2505810260772705, 0.523809552192688, 0.0, 0.5, 0.5, 0.5, 1.0, 0.0, 0.3935941755771637, 0.1390795111656189, 1.0, 0.592077374458313, 0.4484129250049591, 0.0, 0.5578320622444153, 0.6097983717918396, 0.265243798494339, 0.5531169176101685, 0.0, 0.3576882779598236, 1.0, 0.7142857142857142, 0.8086561560630798, 0.1807841807603836, 0.25476884841918945, 0.7152735590934753, 0.0, 0.858666718006134, 0.5348454117774963, 1.0, 0.0, 0.13453951478004456, 0.157562255859375, 1.0, 0.840731143951416, 0.06811901181936264, 0.23647788166999817, 0.7936508059501648 ]
                }
            },
            "6": {
                "id": 6,
                "data": {
                    "device-parameters": [ 1.0, 0.0, 0.2142857313156128, 0.6666666666666666, 0.2, 0.6666666666666666, 0.2911114990711212, 0.23265321552753448, 1.0, 0.5, 0.6, 0.3333333333333333, 0.3571140468120575, 0.0, 0.0, 0.2505810260772705, 0.3968254029750824, 0.0, 0.5, 0.5, 0.5, 1.0, 0.0, 0.3935941755771637, 0.1390795111656189, 1.0, 0.592077374458313, 0.4484129250049591, 0.0, 0.5578320622444153, 0.6097983717918396, 0.265243798494339, 0.5531169176101685, 0.0, 0.3576882779598236, 1.0, 0.7142857142857142, 0.8086561560630798, 0.1807841807603836, 0.25476884841918945, 0.7152735590934753, 0.0, 0.2698412835597992, 0.6640625, 1.0, 0.0, 0.13453951478004456, 0.157562255859375, 1.0, 0.840731143951416, 0.06811901181936264, 0.8809523582458496, 0.7936508059501648 ]
                }
            },
            "7": {
                "id": 7,
                "data": {
                    "device-parameters": [ 1.0, 0.0, 0.4691939353942871, 0.8333333333333333, 0.4666666666666667, 0.0, 0.9671620726585388, 0.24579741060733795, 0.0, 1.0, 0.4, 0.6666666666666666, 0.8401443958282471, 0.0, 0.0, 0.5313210487365723, 0.22542910277843475, 0.0, 1.0, 0.5, 0.5, 1.0, 1.0, 0.41150256991386414, 0.11690066009759903, 0.0, 0.8671875, 0.6657359600067139, 1.0, 0.2994852364063263, 0.03976362198591232, 0.8684613108634949, 0.9493305683135986, 0.2, 0.665572464466095, 1.0, 0.7142857142857142, 0.9200746417045593, 0.8551043272018433, 0.879034698009491, 0.10033012181520462, 0.0, 0.2646368443965912, 0.23255111277103424, 0.0, 1.0, 0.8828125, 0.1796875, 1.0, 0.5555537939071655, 0.5883913636207581, 0.01412054430693388, 0.7936508059501648 ]
                }
            },
            "8": {
                "id": 8,
                "data": {
                    "device-parameters": [ 1.0, 0.0, 0.9042105078697205, 1.0, 0.8, 0.3333333333333333, 0.4438570737838745, 0.7159170508384705, 1.0, 0.16666666666666666, 0.6, 0.6666666666666666, 0.9907835721969604, 0.0, 0.0, 0.727826714515686, 0.010179653763771057, 0.0, 1.0, 0.5, 0.5, 0.0, 0.0, 0.8822419047355652, 0.18927383422851562, 1.0, 0.5382460355758667, 0.47115933895111084, 0.0, 0.614279568195343, 0.046759117394685745, 0.7362017035484314, 0.06051299348473549, 0.8, 0.11111466586589813, 1.0, 0.5238095238095237, 0.028263965621590614, 0.4695770740509033, 0.8277530670166016, 0.9830752611160278, 1.0, 0.8504165410995483, 0.5725492238998413, 1.0, 0.0, 0.4432477653026581, 0.9590361714363098, 1.0, 0.5477017760276794, 0.0021679371129721403, 0.8043932914733887, 0.7936508059501648 ]
                }
            }
        }
    }
}