{
    "pattrstorage": {
        "name": "device-dataset",
        "slots": {
            "1": {
                "id": 1,
                "data": {
                    "device-parameters": [ 1.0, 1.0, 1.0, 0.0, 0.7047892212867737, 0.5, 0.5, 0.5, 0.5, 0.5, 0.5, 0.5, 0.5, 0.5, 0.5, 0.5, 0.5, 0.5, 0.5, 0.5, 0.5, 0.5, 0.5, 0.5, 0.5, 0.5, 0.5, 0.0, 0.41999998688697815, 0.41999998688697815, 0.5, 0.5, 0.5, 0.5 ]
                }
            },
            "2": {
                "id": 2,
                "data": {
                    "device-parameters": [ 1.0, 1.0, 0.1666666716337204, 0.0, 0.5582084655761719, 0.5, 0.5, 0.5, 0.4409448802471161, 0.5, 0.5, 0.3700787425041199, 0.5714285969734192, 0.4921875, 0.3515625, 0.7698413133621216, 0.6692913174629211, 0.3359375, 0.5433070659637451, 0.421875, 0.7460317611694336, 0.5158730149269104, 0.421875, 0.453125, 0.787401556968689, 0.6428571343421936, 0.25, 0.0, 0.28125, 0.4453125, 0.3359375, 0.40625, 0.0, 0.1328125 ]
                }
            },
            "3": {
                "id": 3,
                "data": {
                    "device-parameters": [ 1.0, 1.0, 0.1666666716337204, 0.0, 0.4365079402923584, 0.5, 0.5, 0.5, 0.21259842813014984, 0.5, 0.0, 0.4094488322734833, 0.3515625, 0.7936508059501648, 0.421875, 0.375, 0.0, 0.5555555820465088, 0.05511811003088951, 0.375, 0.7301587462425232, 0.7857142686843872, 0.5158730149269104, 0.5158730149269104, 0.4803149700164795, 0.8015873432159424, 0.3984375, 0.0, 0.4296875, 0.5396825671195984, 0.5714285969734192, 0.4453125, 0.078125, 0.2421875 ]
                }
            },
            "4": {
                "id": 4,
                "data": {
                    "device-parameters": [ 1.0, 1.0, 0.1666666716337204, 0.0, 0.380952388048172, 0.5, 0.5, 0.5, 0.7322834730148315, 0.5079365372657776, 0.3359375, 0.5669291615486145, 0.682539701461792, 0.7222222089767456, 0.9365079402923584, 0.658730149269104, 0.5826771855354309, 0.4453125, 0.5118110179901123, 0.171875, 0.5952380895614624, 0.944444477558136, 0.682539701461792, 0.6746031641960144, 0.5826771855354309, 0.6666666865348816, 0.4140625, 0.0, 0.34375, 0.3125, 0.2578125, 0.8015873432159424, 1.0, 0.5079365372657776 ]
                }
            },
            "5": {
                "id": 5,
                "data": {
                    "device-parameters": [ 1.0, 1.0, 0.1666666716337204, 0.0, 0.30158731341362, 0.0, 0.5, 0.5, 0.4566929042339325, 0.4375, 0.328125, 0.22834645211696625, 0.4296875, 0.453125, 0.2421875, 0.5634920597076416, 0.4409448802471161, 0.4453125, 0.04724409431219101, 0.5317460298538208, 0.484375, 0.5079365372657776, 0.7380952835083008, 0.5634920597076416, 0.5511810779571533, 0.0, 0.34375, 0.0, 0.7380952835083008, 0.8809524178504944, 0.5317460298538208, 0.0, 0.5634920597076416, 0.5476190447807312 ]
                }
            },
            "6": {
                "id": 6,
                "data": {
                    "device-parameters": [ 1.0, 1.0, 0.1666666716337204, 0.0, 0.7047892212867737, 0.5, 0.5, 0.5, 0.4803149700164795, 0.5396825671195984, 0.3828125, 0.9370078444480896, 0.5476190447807312, 0.3125, 0.9920635223388672, 0.390625, 0.3779527544975281, 0.5, 0.4094488322734833, 0.0, 1.0, 1.0, 0.4609375, 0.234375, 0.031496062874794006, 0.3671875, 0.0, 1.0, 0.7539682388305664, 0.7142857313156128, 0.46875, 0.9920635223388672, 0.34375, 0.0 ]
                }
            },
            "7": {
                "id": 7,
                "data": {
                    "device-parameters": [ 1.0, 1.0, 0.1666666716337204, 0.0, 0.3888888955116272, 0.5, 0.5, 0.5, 0.4803149700164795, 0.6190476417541504, 0.7460317611694336, 0.7716535329818726, 0.203125, 0.658730149269104, 0.3203125, 0.3125, 0.6771653294563293, 0.328125, 0.1956200897693634, 0.6269841194152832, 0.34375, 0.15625, 0.761904776096344, 0.390625, 0.7858636379241943, 0.8730158805847168, 0.8095238208770752, 1.0, 0.5634920597076416, 0.4609375, 0.453125, 0.579365074634552, 0.3125, 0.3515625 ]
                }
            },
            "8": {
                "id": 8,
                "data": {
                    "device-parameters": [ 1.0, 1.0, 0.1666666716337204, 0.0, 0.3888888955116272, 0.5, 0.5, 0.5, 0.6111111044883728, 0.6190476417541504, 0.7460317611694336, 0.7716535329818726, 0.203125, 0.658730149269104, 0.3203125, 0.3125, 1.0, 0.328125, 0.1956200897693634, 0.6269841194152832, 0.1666666716337204, 0.15625, 0.761904776096344, 0.390625, 0.7858636379241943, 0.4444444477558136, 0.0, 1.0, 0.4296875, 0.5078125, 0.453125, 1.0, 0.3125, 0.3515625 ]
                }
            }
        }
    }
}