{
    "pattrstorage": {
        "name": "device-dataset",
        "slots": {
            "1": {
                "id": 1,
                "data": {
                    "device-parameters": [ 1.0, 0.2589765787124634, 0.0, 1.0, 0.47729402780532837, 0.6294117569923401, 1.0, 0.48569256067276, 0.6544755101203918, 0.5, 1.0, 0.0, 0.8102341890335083, 0.625, 0.0, 0.227199524641037, 0.6875, 1.0, 0.10369296371936798, 0.002506265649572015, 0.31413534283638, 0.6246089935302734, 0.3684210479259491, 0.0, 1.0, 1.0, 0.7915151119232178, 1.0, 0.8333333134651184, 0.3333333333333333, 0.49356332421302795, 0.49356332421302795, 0.550000011920929 ]
                }
            },
            "2": {
                "id": 2,
                "data": {
                    "device-parameters": [ 1.0, 0.5555555820465088, 0.0, 0.0, 0.0, 0.7659574151039124, 1.0, 0.7283951640129089, 0.6595744490623474, 0.0, 1.0, 0.0, 0.626086950302124, 0.553191602230072, 1.0, 0.530434787273407, 0.21276594698429108, 1.0, 0.790123462677002, 0.27768680453300476, 0.5079365372657776, 1.0, 1.0, 1.0, 0.0, 0.0, 0.2698412835597992, 0.0, 0.7301587462425232, 0.3333333333333333, 1.0, 0.4761905074119568, 1.0 ]
                }
            },
            "3": {
                "id": 3,
                "data": {
                    "device-parameters": [ 1.0, 0.5472908020019531, 0.0, 1.0, 0.8181817531585693, 0.5625, 0.0, 0.2878788411617279, 0.4166666865348816, 0.0, 1.0, 0.0, 0.8775510191917419, 0.6666666865348816, 0.0, 0.2271994799375534, 0.6875, 0.0, 0.10369296371936798, 0.002506265649572015, 0.1926112174987793, 0.6269841194152832, 1.0, 0.0, 1.0, 1.0, 0.5830302238464355, 1.0, 0.8333333134651184, 1.0, 0.6253118515014648, 0.7034740447998047, 1.0 ]
                }
            },
            "4": {
                "id": 4,
                "data": {
                    "device-parameters": [ 1.0, 0.6796875596046448, 1.0, 1.0, 0.5454545021057129, 0.75, 1.0, 0.43939393758773804, 0.5833333134651184, 0.3492063581943512, 1.0, 0.0, 0.704081654548645, 0.4791666567325592, 1.0, 0.227199524641037, 1.0, 1.0, 0.8484848737716675, 0.07038673758506775, 0.578125, 0.6246089935302734, 0.5317460298538208, 0.0, 1.0, 1.0, 1.0, 1.0, 0.9603174924850464, 0.0, 0.6428571343421936, 0.5396825671195984, 0.4000000059604645 ]
                }
            },
            "5": {
                "id": 5,
                "data": {
                    "device-parameters": [ 1.0, 0.22307033836841583, 0.0, 1.0, 0.7575756907463074, 0.5416666269302368, 0.0, 0.5606061220169067, 0.8125, 1.0, 1.0, 0.0, 0.6632652878761292, 0.0, 1.0, 0.24489794671535492, 0.0, 1.0, 0.5757575631141663, 1.0, 0.3888888657093048, 0.6246089935302734, 0.8947368264198303, 0.0, 1.0, 1.0, 0.4932406544685364, 1.0, 0.8333333134651184, 1.0, 0.3449578881263733, 0.7034740447998047, 1.0 ]
                }
            },
            "6": {
                "id": 6,
                "data": {
                    "device-parameters": [ 1.0, 0.7832408547401428, 0.0, 1.0, 0.7575756907463074, 0.375, 0.0, 0.40909090638160706, 0.5833333134651184, 1.0, 1.0, 0.0, 0.7653061151504517, 0.4375000298023224, 0.0, 0.2271994799375534, 0.6875, 0.0, 0.24242423474788666, 0.02434774860739708, 0.5337725877761841, 0.3117831349372864, 0.8412697911262512, 0.0, 1.0, 1.0, 0.8523988723754883, 1.0, 0.8333333134651184, 1.0, 0.23975330591201782, 0.49356332421302795, 1.0 ]
                }
            },
            "7": {
                "id": 7,
                "data": {
                    "device-parameters": [ 1.0, 0.6904761791229248, 0.0, 1.0, 0.13636362552642822, 0.7083333730697632, 0.0, 0.7272727489471436, 0.8125, 1.0, 1.0, 0.0, 0.5816327333450317, 0.1874999850988388, 1.0, 0.346938818693161, 0.625, 0.0, 0.3333333432674408, 0.15164367854595184, 0.5238096117973328, 0.7222222089767456, 0.4920635223388672, 0.0, 0.0, 0.0, 0.8492063283920288, 1.0, 0.7539682388305664, 0.6666666666666666, 0.3449578881263733, 0.3449578881263733, 1.0 ]
                }
            },
            "8": {
                "id": 8,
                "data": {
                    "device-parameters": [ 1.0, 0.6357994079589844, 0.0, 1.0, 0.7578124403953552, 0.4166666567325592, 1.0, 0.16666670143604279, 0.6875, 0.0, 1.0, 0.0, 0.7857142686843872, 0.625, 0.0, 0.2271994799375534, 0.6875, 0.0, 0.10369296371936798, 0.002506265649572015, 0.3852224349975586, 0.7288842797279358, 1.0, 0.0, 1.0, 1.0, 0.635553777217865, 1.0, 0.8333333134651184, 1.0, 0.38891172409057617, 0.6253118515014648, 1.0 ]
                }
            },
            "9": {
                "id": 9,
                "data": {
                    "device-parameters": [ 1.0, 0.43039458990097046, 1.0, 1.0, 0.1137809082865715, 0.7193147540092468, 0.0, 0.9420395493507385, 0.5042015314102173, 0.4170165956020355, 1.0, 1.0, 0.6445982456207275, 0.4789622128009796, 0.0, 0.9521745443344116, 0.16130605340003967, 1.0, 0.9642701148986816, 0.6767145395278931, 0.739385187625885, 0.6272327303886414, 0.13465286791324615, 0.0, 0.0, 0.0, 0.10825499892234802, 0.0, 0.21710161864757538, 0.6666666666666666, 0.4294639527797699, 0.687159538269043, 1.0 ]
                }
            },
            "10": {
                "id": 10,
                "data": {
                    "device-parameters": [ 1.0, 0.697300374507904, 1.0, 1.0, 0.8704391121864319, 0.5452593564987183, 0.0, 0.4506503641605377, 0.25696104764938354, 0.3678513765335083, 0.0, 0.0, 0.24788065254688263, 0.07904795557260513, 0.0, 0.2049720734357834, 0.0725543275475502, 0.0, 0.6151228547096252, 0.41241517663002014, 0.7441551685333252, 0.7930110692977905, 0.6802173852920532, 1.0, 1.0, 1.0, 0.9621915221214294, 0.5, 0.5611528158187866, 0.6666666666666666, 0.07736241072416306, 0.797364354133606, 1.0 ]
                }
            },
            "11": {
                "id": 11,
                "data": {
                    "device-parameters": [ 1.0, 0.6962401270866394, 0.0, 1.0, 0.61134272813797, 0.24133917689323425, 0.0, 0.855828583240509, 0.7798666954040527, 0.49224573373794556, 0.0, 1.0, 0.3718656897544861, 0.8644134402275085, 1.0, 0.7583543062210083, 0.07325680553913116, 0.0, 0.7287275791168213, 0.39083486795425415, 0.9055003523826599, 0.3183274567127228, 0.41360825300216675, 0.0, 1.0, 0.0, 0.5987619161605835, 0.0, 0.20838342607021332, 0.3333333333333333, 0.864325761795044, 0.4023985266685486, 1.0 ]
                }
            },
            "12": {
                "id": 12,
                "data": {
                    "device-parameters": [ 1.0, 0.32702311873435974, 1.0, 0.0, 0.03808692842721939, 0.6574671268463135, 0.0, 0.12845398485660553, 0.06820779293775558, 0.7028802633285522, 0.0, 0.0, 0.22230347990989685, 0.23706471920013428, 0.0, 0.1374792754650116, 0.7267335057258606, 1.0, 0.2865014374256134, 0.4452377259731293, 0.7197803258895874, 0.3885418176651001, 0.4455576241016388, 0.0, 0.0, 1.0, 0.6385775208473206, 0.0, 0.9548348784446716, 1.0, 0.8918993473052979, 0.21275372803211212, 1.0 ]
                }
            },
            "13": {
                "id": 13,
                "data": {
                    "device-parameters": [ 1.0, 0.24013657867908478, 1.0, 1.0, 0.5655704140663147, 0.6972399950027466, 0.0, 0.8254101872444153, 0.6330341696739197, 0.7370883822441101, 1.0, 0.0, 0.8223044276237488, 0.5439010262489319, 1.0, 0.6961163282394409, 0.4974876344203949, 1.0, 0.6965097784996033, 0.9535279273986816, 0.38493654131889343, 0.24458055198192596, 0.5339744091033936, 0.0, 0.0, 0.0, 0.37238407135009766, 0.0, 0.7069264650344849, 0.0, 0.2574753165245056, 0.8548458218574524, 1.0 ]
                }
            },
            "14": {
                "id": 14,