{
    "pattrstorage": {
        "name": "device-dataset",
        "slots": {
            "1": {
                "id": 1,
                "data": {
                    "device-parameters": [ 1.0, 1.0, 0.5, 0.5, 0.0, 0.5, 0.0, 0.5, 1.0, 0.0, 0.5, 0.5, 0.0, 0.5, 0.0, 0.5, 1.0, 0.0, 0.0, 0.5011875033378601, 0.5, 1.0, 0.0, 0.0, 0.0, 0.0, 1.0, 0.0, 0.0, 0.0, 0.0, 0.25, 0.0, 0.0, 0.0, 0.0, 0.0, 0.0, 0.08408964425325394, 0.021739130839705467, 0.3695652186870575, 0.27173912525177, 0.75, 0.75, 0.7079460024833679, 0.7162162065505981, 0.0, 0.41592657566070557, 0.41592657566070557, 0.5, 0.75, 0.75, 0.0, 1.0, 0.5, 0.0, 0.0, 0.0, 0.41592657566070557, 0.41592657566070557, 0.5, 0.75, 0.75, 0.0, 1.0, 0.5, 0.0, 0.0, 1.0, 0.0, 1.0, 0.5, 0.0, 0.0, 0.0, 0.7142857313156128, 0.0, 1.0, 0.0, 1.0, 0.5, 0.0, 0.0, 0.0, 0.7142857313156128, 0.0, 0.5, 0.5, 0.30000001192092896, 0.5, 0.5, 0.5956621766090393, 0.7109375 ]
                }
            },
            "2": {
                "id": 2,
                "data": {
                    "device-parameters": [ 1.0, 1.0, 0.5, 0.5, 0.4579439163208008, 0.5, 0.0, 0.5, 1.0, 1.0, 0.5, 0.5, 0.0, 0.5, 0.0, 0.5, 1.0, 0.0, 0.0, 0.5011875033378601, 0.5, 1.0, 0.0, 0.0, 0.0, 0.0, 0.6575342416763306, 0.4375, 0.0, 0.0, 0.0, 0.25, 0.0, 0.0, 0.0, 0.0, 0.0, 0.0, 0.08408964425325394, 0.021739130839705467, 0.3695652186870575, 0.5, 0.75, 0.75, 0.7079460024833679, 0.4324324429035187, 0.0, 0.41592657566070557, 0.41592657566070557, 0.5, 0.75, 0.75, 0.0, 1.0, 0.5, 0.0, 0.0, 0.0, 0.41592657566070557, 0.41592657566070557, 0.5, 0.75, 0.75, 0.0, 1.0, 0.5, 0.0, 0.0, 1.0, 0.0, 1.0, 0.5, 0.0, 0.0, 0.0, 0.7142857313156128, 0.0, 1.0, 0.0, 1.0, 0.5, 0.0, 0.0, 0.0, 0.7142857313156128, 0.0, 0.5, 0.5, 0.30000001192092896, 0.5, 0.5, 0.5956621766090393, 0.7109375 ]
                }
            },
            "3": {
                "id": 3,
                "data": {
                    "device-parameters": [ 1.0, 1.0, 0.5, 0.5, 0.8504672646522522, 0.7890625, 0.8671875, 0.5, 1.0, 1.0, 0.5, 0.5, 0.6822429895401001, 0.7578125, 0.4765625, 0.5, 1.0, 0.0, 0.0, 0.5011875033378601, 0.5, 1.0, 0.0, 0.0, 0.0, 0.0, 0.579365074634552, 0.4761904776096344, 0.0, 0.0, 1.0, 0.25, 0.0, 0.0, 0.0, 0.0, 0.0, 0.0, 0.08408964425325394, 0.021739130839705467, 0.3695652186870575, 0.16304348409175873, 0.75, 0.75, 0.7079460024833679, 0.4324324429035187, 0.0, 1.0, 0.41592657566070557, 0.5, 0.75, 0.75, 0.0, 1.0, 0.8108108043670654, 0.0, 0.0, 0.0, 0.41592657566070557, 0.41592657566070557, 0.5, 0.75, 0.75, 0.0, 1.0, 0.5, 0.0, 0.0, 1.0, 0.0, 0.0, 0.0, 0.5, 0.0, 0.0, 0.6875, 0.0, 0.0, 0.0, 0.75, 1.0, 0.5, 0.0, 0.0, 0.32078906893730164, 0.0, 0.0, 0.5, 0.30000001192092896, 0.5, 0.5, 0.5956621766090393, 0.7109375 ]
                }
            },
            "4": {
                "id": 4,
                "data": {
                    "device-parameters": [ 1.0, 1.0, 0.25, 0.5, 0.7383177280426025, 0.140625, 0.578125, 0.5, 1.0, 1.0, 0.5, 0.5, 0.6822429895401001, 0.7578125, 0.4765625, 0.5, 1.0, 0.0, 0.0, 0.5011875033378601, 0.5, 1.0, 0.0, 0.0, 0.0, 0.0, 0.579365074634552, 0.4761904776096344, 0.0, 0.0, 1.0, 0.25, 0.0, 0.0, 0.0, 0.0, 0.0, 0.0, 0.08408964425325394, 0.021739130839705467, 0.25, 0.16304348409175873, 0.75, 0.75, 0.7079460024833679, 0.5540540814399719, 0.0, 1.0, 0.41592657566070557, 0.5, 0.75, 0.75, 0.0, 1.0, 0.8108108043670654, 0.0, 0.0, 0.0, 0.41592657566070557, 0.41592657566070557, 0.5, 0.75, 0.75, 0.0, 1.0, 0.5, 0.0, 0.0, 1.0, 0.0, 0.0, 0.0625, 0.5, 0.0, 0.0, 0.7109375, 0.0, 0.0, 0.0, 0.75, 1.0, 0.5, 0.0, 0.0, 0.32078906893730164, 0.0, 0.0, 0.5, 0.30000001192092896, 0.5, 0.5, 0.5956621766090393, 0.7109375 ]
                }
            },
            "5": {
                "id": 5,
                "data": {
                    "device-parameters": [ 1.0, 1.0, 0.5, 0.5, 0.4672897160053253, 0.5, 0.09375, 0.5, 1.0, 1.0, 0.5, 0.5, 0.0, 0.5, 0.0, 0.5, 1.0, 0.0, 0.0, 0.5011875033378601, 0.5, 1.0, 0.0, 0.0, 0.0, 0.0, 0.4885845184326172, 0.5208333134651184, 0.0, 0.0, 1.0, 0.25, 0.0, 0.0, 0.0, 0.37877798080444336, 0.3333333134651184, 0.0, 0.08408964425325394, 0.021739130839705467, 0.3695652186870575, 0.17391304671764374, 0.75, 0.75, 0.7079460024833679, 0.4324324429035187, 0.0, 0.41592657566070557, 0.41592657566070557, 0.5, 0.75, 0.75, 0.0, 1.0, 0.5, 0.0, 0.0, 0.0, 0.41592657566070557, 0.41592657566070557, 0.5, 0.75, 0.75, 0.0, 1.0, 0.5, 0.0, 0.0, 1.0, 0.0, 0.0, 0.0, 0.0, 0.0, 0.0, 0.7142857313156128, 0.0, 1.0, 0.0, 0.75, 0.5, 0.0, 0.0, 0.0, 0.7142857313156128, 0.0, 0.5, 0.5, 0.30000001192092896, 0.5, 0.5, 0.5956621766090393, 0.7109375 ]
                }
            },
            "6": {
                "id": 6,
                "data": {
                    "device-parameters": [ 1.0, 1.0, 0.25, 0.5, 0.7383177280426025, 0.140625, 0.578125, 0.5, 1.0, 1.0, 0.5, 0.5, 0.6822429895401001, 0.7578125, 0.4765625, 0.5, 1.0, 0.0, 0.0, 0.5011875033378601, 0.5, 1.0, 0.0, 0.0, 0.0, 0.0, 0.579365074634552, 0.4761904776096344, 0.0, 0.0, 1.0, 0.25, 0.0, 0.0, 0.0, 0.0, 0.0, 0.0, 0.08408964425325394, 0.021739130839705467, 0.25, 0.16304348409175873, 0.75, 0.75, 0.7079460024833679, 0.5540540814399719, 0.0, 1.0, 0.41592657566070557, 0.5, 0.75, 0.75, 0.0, 1.0, 0.8108108043670654, 0.0, 0.0, 0.0, 0.41592657566070557, 0.41592657566070557, 0.5, 0.75, 0.75, 0.0, 1.0, 0.5, 0.0, 0.0, 1.0, 0.0, 0.0, 0.4453125, 0.3984375, 0.0, 0.0, 0.5, 0.0, 0.0, 0.0, 0.75, 1.0, 0.5, 0.0, 0.0, 0.32078906893730164, 0.0, 0.0, 0.5, 0.30000001192092896, 0.5, 0.5, 0.5956621766090393, 0.7109375 ]
                }
            },
            "7": {
                "id": 7,
                "data": {
                    "device-parameters": [ 1.0, 1.0, 0.25, 0.5, 0.3177570104598999, 0.140625, 0.578125, 0.5, 1.0, 1.0, 0.5, 0.5, 0.420560747385025, 0.4375, 0.0, 0.5, 1.0, 0.0, 0.0, 0.5011875033378601, 0.5, 1.0, 0.0, 0.0, 0.0, 0.0, 0.7031963467597961, 0.4791666567325592, 0.0, 0.0, 1.0, 0.25, 0.0, 0.0, 0.0, 0.3881278932094574, 0.2916666567325592, 0.0, 0.08408964425325394, 0.021739130839705467, 0.25, 0.16304348409175873, 0.75, 0.75, 0.7079460024833679, 0.5540540814399719, 0.0, 1.0, 0.41592657566070557, 0.5, 0.75, 0.75, 0.0, 1.0, 0.8108108043670654, 0.0, 0.0, 0.0, 0.41592657566070557, 0.41592657566070557, 0.5, 0.75, 0.75, 0.0, 1.0, 0.5, 0.0, 0.0, 1.0, 0.0, 0.0, 0.1953125, 0.3984375, 0.0, 0.0, 0.75, 0.0, 0.0, 0.0, 0.75, 1.0, 0.5, 0.0, 0.0, 0.32078906893730164, 0.0, 0.0, 0.5, 0.30000001192092896, 0.5, 0.5, 0.5956621766090393, 0.7109375 ]
                }
            },
            "8": {
                "id": 8,
                "data": {
                    "device-parameters": [ 1.0, 1.0, 0.25, 0.5, 0.7559055089950562, 0.140625, 1.0, 0.5, 1.0, 1.0, 0.5, 0.5, 0.420560747385025, 0.0, 0.0, 0.5, 1.0, 0.0, 0.0, 0.5011875033378601, 0.5, 1.0, 0.0, 0.0, 0.0, 0.0, 0.49771690368652344, 0.375, 0.0, 0.0, 1.0, 0.25, 0.0, 0.0, 0.0, 0.2054794728755951, 0.4583333432674408, 0.0, 0.08408964425325394, 0.021739130839705467, 0.25, 0.16304348409175873, 0.75, 0.75, 0.7079460024833679, 0.5540540814399719, 0.0, 1.0, 0.41592657566070557, 0.5, 0.75, 0.75, 0.0, 1.0, 0.8108108043670654, 0.0, 0.0, 0.0, 0.41592657566070557, 0.41592657566070557, 0.5, 0.75, 0.75, 0.0, 1.0, 0.5, 0.0, 0.0, 1.0, 0.0, 1.0, 0.453125, 0.875, 0.0, 0.0, 1.0, 0.0, 0.0, 0.0, 0.75, 1.0, 0.5, 0.0, 0.0, 0.32078906893730164, 0.0, 0.0, 0.5, 0.30000001192092896, 0.5, 0.5, 0.5956621766090393, 0.7109375 ]
                }
            }
        }
    }
}