{
    "pattrstorage": {
        "name": "input-dataset",
        "slots": {
            "1": {
                "id": 1,
                "data": {
                    "input-parameters": [ 0.04319488406181349, 0.003135323151946201, 0.10340332984924316, 0.01500354260206227, -0.06257547736167901, 0.08625253438949598, 0.03474973142147064, -0.030540269613265947, 0.005822494998574346, 0.0478975504636765, -0.2199530839920043, -0.07528677582740784, 0.1502149462699891 ]
                }
            },
            "2": {
                "id": 2,
                "data": {
                    "input-parameters": [ 0.0421444535255433, 0.08988701105117802, 0.0479380339384079, 0.037889999151229814, -0.016431167721748352, 0.1482739090919496, 0.08564311265945435, -0.04268867969512935, -0.011702296882867724, 0.0758155047893525, -0.2746798515319824, -0.06406714916229239, 0.12310715913772596 ]
                }
            },
            "3": {
                "id": 3,
                "data": {
                    "input-parameters": [ 0.068341100215912, 0.016676975786686032, 0.07036596536636353, 0.020286917686462402, -0.08119385242462152, 0.38361198902130145, 0.0721086442470551, -0.011049856245517686, -0.009865716099739075, 0.06471583247184753, -0.29318184852600093, -0.11224607229232786, 0.17323961257934584 ]
                }
            },
            "4": {
                "id": 4,
                "data": {
                    "input-parameters": [ -0.15382380485534664, -0.0732106029987335, 0.09007383584976192, 0.03090232908725743, -0.16228257417678826, 0.01903513371944432, 0.13243571519851693, 0.013039754331112041, -0.011856256425380685, 0.0930231928825378, -0.12839360237121578, -0.06387485265731807, 0.07298122048377986 ]
                }
            },
            "5": {
                "id": 5,
                "data": {
                    "input-parameters": [ 0.2817517280578614, -0.021894398331642084, 0.0799044668674469, 0.06663425564765935, -0.15216327905654903, 0.1950947523117066, 0.07390745282173161, -0.023076532781124093, -0.0067279830574988875, 0.09775336384773259, -0.16849035024642944, -0.10353689193725579, 0.10168715715408339 ]
                }
            },
            "6": {
                "id": 6,
                "data": {
                    "input-parameters": [ 0.04072799682617201, 0.0011155341751873937, 0.10333371162414551, 0.036697179079055786, -0.015004783868789673, 0.05581973195075984, 0.09532242417335524, 0.005977234616875604, 0.002130508795380681, 0.03771086037158966, -0.13623565435409546, -0.040605786442756586, 0.10108444690704355 ]
                }
            },
            "7": {
                "id": 7,
                "data": {
                    "input-parameters": [ 0.13492814302444467, -0.0030115231871604697, 0.04747996032238011, 0.0481198489665986, -0.06546401381492606, 0.10945794582366952, 0.03533389866352077, 0.004777491092681885, -0.0007249454502016306, 0.0633319199085236, -0.09070134162902832, -0.08136967420578001, 0.06867336630821241 ]
                }
            },
            "8": {
                "id": 8,
                "data": {
                    "input-parameters": [ -0.024542520940303736, 0.023933243751525834, 0.10088301897048946, 0.036648473143577665, -0.10072937011718741, 0.11951909065246591, 0.022622673213481992, -0.019913476705551103, 0.0034445244818925858, 0.058550441265106334, -0.11901155710220335, -0.07947640419006341, 0.12705781459808363 ]
                }
            },
            "9": {
                "id": 9,
                "data": {
                    "input-parameters": [ -0.28472967147827144, -0.10935411453247068, 0.07398169040679936, 0.024220350384712264, -0.25842430591583243, 0.29506051540374756, 0.07040119767189035, -0.009625157713890053, -0.006660467386245705, 0.033584135770797774, -0.1657257199287414, -0.05877057909965511, 0.13888528347015394 ]
                }
            }
        }
    }
}